id,n
http://ACM_CSS_SKOS#10002944,0
http://ACM_CSS_SKOS#10002950,0
http://ACM_CSS_SKOS#10002951,0
http://ACM_CSS_SKOS#10002978,0
http://ACM_CSS_SKOS#10003033,0
http://ACM_CSS_SKOS#10003120,0
http://ACM_CSS_SKOS#10003456,0
http://ACM_CSS_SKOS#10003752,0
http://ACM_CSS_SKOS#10010147,0
http://ACM_CSS_SKOS#10010405,0
http://ACM_CSS_SKOS#10010520,0
http://ACM_CSS_SKOS#10010583,0
http://ACM_CSS_SKOS#10011007,0
http://ACM_CSS_SKOS#10011641,0
http://ACM_CSS_SKOS#10002952,1
http://ACM_CSS_SKOS#10002979,1
http://ACM_CSS_SKOS#10002986,1
http://ACM_CSS_SKOS#10002991,1
http://ACM_CSS_SKOS#10002997,1
http://ACM_CSS_SKOS#10003001,1
http://ACM_CSS_SKOS#10003006,1
http://ACM_CSS_SKOS#10003014,1
http://ACM_CSS_SKOS#10003018,1
http://ACM_CSS_SKOS#10003022,1
http://ACM_CSS_SKOS#10003029,1
http://ACM_CSS_SKOS#10003034,1
http://ACM_CSS_SKOS#10003039,1
http://ACM_CSS_SKOS#10003058,1
http://ACM_CSS_SKOS#10003068,1
http://ACM_CSS_SKOS#10003079,1
http://ACM_CSS_SKOS#10003083,1
http://ACM_CSS_SKOS#10003099,1
http://ACM_CSS_SKOS#10003106,1
http://ACM_CSS_SKOS#10003121,1
http://ACM_CSS_SKOS#10003123,1
http://ACM_CSS_SKOS#10003130,1
http://ACM_CSS_SKOS#10003138,1
http://ACM_CSS_SKOS#10003145,1
http://ACM_CSS_SKOS#10003152,1
http://ACM_CSS_SKOS#10003227,1
http://ACM_CSS_SKOS#10003260,1
http://ACM_CSS_SKOS#10003317,1
http://ACM_CSS_SKOS#10003457,1
http://ACM_CSS_SKOS#10003462,1
http://ACM_CSS_SKOS#10003550,1
http://ACM_CSS_SKOS#10003624,1
http://ACM_CSS_SKOS#10003648,1
http://ACM_CSS_SKOS#10003705,1
http://ACM_CSS_SKOS#10003712,1
http://ACM_CSS_SKOS#10003714,1
http://ACM_CSS_SKOS#10003741,1
http://ACM_CSS_SKOS#10003753,1
http://ACM_CSS_SKOS#10003766,1
http://ACM_CSS_SKOS#10003777,1
http://ACM_CSS_SKOS#10003790,1
http://ACM_CSS_SKOS#10003809,1
http://ACM_CSS_SKOS#10010061,1
http://ACM_CSS_SKOS#10010070,1
http://ACM_CSS_SKOS#10010124,1
http://ACM_CSS_SKOS#10010148,1
http://ACM_CSS_SKOS#10010169,1
http://ACM_CSS_SKOS#10010178,1
http://ACM_CSS_SKOS#10010257,1
http://ACM_CSS_SKOS#10010341,1
http://ACM_CSS_SKOS#10010371,1
http://ACM_CSS_SKOS#10010406,1
http://ACM_CSS_SKOS#10010432,1
http://ACM_CSS_SKOS#10010444,1
http://ACM_CSS_SKOS#10010455,1
http://ACM_CSS_SKOS#10010462,1
http://ACM_CSS_SKOS#10010469,1
http://ACM_CSS_SKOS#10010476,1
http://ACM_CSS_SKOS#10010481,1
http://ACM_CSS_SKOS#10010489,1
http://ACM_CSS_SKOS#10010497,1
http://ACM_CSS_SKOS#10010521,1
http://ACM_CSS_SKOS#10010553,1
http://ACM_CSS_SKOS#10010570,1
http://ACM_CSS_SKOS#10010575,1
http://ACM_CSS_SKOS#10010584,1
http://ACM_CSS_SKOS#10010588,1
http://ACM_CSS_SKOS#10010600,1
http://ACM_CSS_SKOS#10010633,1
http://ACM_CSS_SKOS#10010662,1
http://ACM_CSS_SKOS#10010682,1
http://ACM_CSS_SKOS#10010717,1
http://ACM_CSS_SKOS#10010737,1
http://ACM_CSS_SKOS#10010750,1
http://ACM_CSS_SKOS#10010786,1
http://ACM_CSS_SKOS#10010919,1
http://ACM_CSS_SKOS#10010927,1
http://ACM_CSS_SKOS#10010940,1
http://ACM_CSS_SKOS#10011006,1
http://ACM_CSS_SKOS#10011074,1
http://ACM_CSS_SKOS#10011122,1
http://ACM_CSS_SKOS#10011123,1
http://ACM_CSS_SKOS#10011152,1
http://ACM_CSS_SKOS#10011177,1
http://ACM_CSS_SKOS#10011350,1
http://ACM_CSS_SKOS#10011445,1
http://ACM_CSS_SKOS#10011738,1
http://ACM_CSS_SKOS#10011777,1
http://ACM_CSS_SKOS#10002945,2
http://ACM_CSS_SKOS#10002946,2
http://ACM_CSS_SKOS#10002947,2
http://ACM_CSS_SKOS#10002948,2
http://ACM_CSS_SKOS#10002949,2
http://ACM_CSS_SKOS#10002953,2
http://ACM_CSS_SKOS#10002971,2
http://ACM_CSS_SKOS#10002980,2
http://ACM_CSS_SKOS#10002981,2
http://ACM_CSS_SKOS#10002982,2
http://ACM_CSS_SKOS#10002983,2
http://ACM_CSS_SKOS#10002984,2
http://ACM_CSS_SKOS#10002985,2
http://ACM_CSS_SKOS#10002987,2
http://ACM_CSS_SKOS#10002988,2
http://ACM_CSS_SKOS#10002989,2
http://ACM_CSS_SKOS#10002990,2
http://ACM_CSS_SKOS#10002992,2
http://ACM_CSS_SKOS#10002993,2
http://ACM_CSS_SKOS#10002994,2
http://ACM_CSS_SKOS#10002995,2
http://ACM_CSS_SKOS#10002996,2
http://ACM_CSS_SKOS#10002998,2
http://ACM_CSS_SKOS#10002999,2
http://ACM_CSS_SKOS#10003000,2
http://ACM_CSS_SKOS#10003002,2
http://ACM_CSS_SKOS#10003003,2
http://ACM_CSS_SKOS#10003007,2
http://ACM_CSS_SKOS#10003011,2
http://ACM_CSS_SKOS#10003013,2
http://ACM_CSS_SKOS#10003014,2
http://ACM_CSS_SKOS#10003015,2
http://ACM_CSS_SKOS#10003016,2
http://ACM_CSS_SKOS#10003017,2
http://ACM_CSS_SKOS#10003019,2
http://ACM_CSS_SKOS#10003020,2
http://ACM_CSS_SKOS#10003021,2
http://ACM_CSS_SKOS#10003023,2
http://ACM_CSS_SKOS#10003026,2
http://ACM_CSS_SKOS#10003027,2
http://ACM_CSS_SKOS#10003028,2
http://ACM_CSS_SKOS#10003031,2
http://ACM_CSS_SKOS#10003032,2
http://ACM_CSS_SKOS#10003035,2
http://ACM_CSS_SKOS#10003037,2
http://ACM_CSS_SKOS#10003038,2
http://ACM_CSS_SKOS#10003040,2
http://ACM_CSS_SKOS#10003041,2
http://ACM_CSS_SKOS#10003044,2
http://ACM_CSS_SKOS#10003045,2
http://ACM_CSS_SKOS#10003048,2
http://ACM_CSS_SKOS#10003049,2
http://ACM_CSS_SKOS#10003050,2
http://ACM_CSS_SKOS#10003051,2
http://ACM_CSS_SKOS#10003053,2
http://ACM_CSS_SKOS#10003056,2
http://ACM_CSS_SKOS#10003059,2
http://ACM_CSS_SKOS#10003062,2
http://ACM_CSS_SKOS#10003063,2
http://ACM_CSS_SKOS#10003064,2
http://ACM_CSS_SKOS#10003065,2
http://ACM_CSS_SKOS#10003066,2
http://ACM_CSS_SKOS#10003069,2
http://ACM_CSS_SKOS#10003073,2
http://ACM_CSS_SKOS#10003078,2
http://ACM_CSS_SKOS#10003080,2
http://ACM_CSS_SKOS#10003081,2
http://ACM_CSS_SKOS#10003082,2
http://ACM_CSS_SKOS#10003084,2
http://ACM_CSS_SKOS#10003090,2
http://ACM_CSS_SKOS#10003094,2
http://ACM_CSS_SKOS#10003095,2
http://ACM_CSS_SKOS#10003097,2
http://ACM_CSS_SKOS#10003098,2
http://ACM_CSS_SKOS#10003100,2
http://ACM_CSS_SKOS#10003101,2
http://ACM_CSS_SKOS#10003102,2
http://ACM_CSS_SKOS#10003103,2
http://ACM_CSS_SKOS#10003104,2
http://ACM_CSS_SKOS#10003105,2
http://ACM_CSS_SKOS#10003107,2
http://ACM_CSS_SKOS#10003108,2
http://ACM_CSS_SKOS#10003109,2
http://ACM_CSS_SKOS#10003110,2
http://ACM_CSS_SKOS#10003111,2
http://ACM_CSS_SKOS#10003112,2
http://ACM_CSS_SKOS#10003113,2
http://ACM_CSS_SKOS#10003114,2
http://ACM_CSS_SKOS#10003119,2
http://ACM_CSS_SKOS#10003122,2
http://ACM_CSS_SKOS#10003124,2
http://ACM_CSS_SKOS#10003125,2
http://ACM_CSS_SKOS#10003126,2
http://ACM_CSS_SKOS#10003128,2
http://ACM_CSS_SKOS#10003129,2
http://ACM_CSS_SKOS#10003131,2
http://ACM_CSS_SKOS#10003134,2
http://ACM_CSS_SKOS#10003139,2
http://ACM_CSS_SKOS#10003140,2
http://ACM_CSS_SKOS#10003141,2
http://ACM_CSS_SKOS#10003142,2
http://ACM_CSS_SKOS#10003146,2
http://ACM_CSS_SKOS#10003147,2
http://ACM_CSS_SKOS#10003151,2
http://ACM_CSS_SKOS#10003153,2
http://ACM_CSS_SKOS#10003161,2
http://ACM_CSS_SKOS#10003166,2
http://ACM_CSS_SKOS#10003190,2
http://ACM_CSS_SKOS#10003197,2
http://ACM_CSS_SKOS#10003212,2
http://ACM_CSS_SKOS#10003219,2
http://ACM_CSS_SKOS#10003228,2
http://ACM_CSS_SKOS#10003233,2
http://ACM_CSS_SKOS#10003236,2
http://ACM_CSS_SKOS#10003238,2
http://ACM_CSS_SKOS#10003241,2
http://ACM_CSS_SKOS#10003245,2
http://ACM_CSS_SKOS#10003246,2
http://ACM_CSS_SKOS#10003247,2
http://ACM_CSS_SKOS#10003251,2
http://ACM_CSS_SKOS#10003261,2
http://ACM_CSS_SKOS#10003272,2
http://ACM_CSS_SKOS#10003277,2
http://ACM_CSS_SKOS#10003282,2
http://ACM_CSS_SKOS#10003300,2
http://ACM_CSS_SKOS#10003304,2
http://ACM_CSS_SKOS#10003309,2
http://ACM_CSS_SKOS#10003318,2
http://ACM_CSS_SKOS#10003325,2
http://ACM_CSS_SKOS#10003331,2
http://ACM_CSS_SKOS#10003338,2
http://ACM_CSS_SKOS#10003347,2
http://ACM_CSS_SKOS#10003351,2
http://ACM_CSS_SKOS#10003359,2
http://ACM_CSS_SKOS#10003365,2
http://ACM_CSS_SKOS#10003371,2
http://ACM_CSS_SKOS#10003392,2
http://ACM_CSS_SKOS#10003400,2
http://ACM_CSS_SKOS#10003447,2
http://ACM_CSS_SKOS#10003458,2
http://ACM_CSS_SKOS#10003459,2
http://ACM_CSS_SKOS#10003463,2
http://ACM_CSS_SKOS#10003465,2
http://ACM_CSS_SKOS#10003477,2
http://ACM_CSS_SKOS#10003480,2
http://ACM_CSS_SKOS#10003487,2
http://ACM_CSS_SKOS#10003490,2
http://ACM_CSS_SKOS#10003517,2
http://ACM_CSS_SKOS#10003520,2
http://ACM_CSS_SKOS#10003521,2
http://ACM_CSS_SKOS#10003527,2
http://ACM_CSS_SKOS#10003544,2
http://ACM_CSS_SKOS#10003551,2
http://ACM_CSS_SKOS#10003552,2
http://ACM_CSS_SKOS#10003553,2
http://ACM_CSS_SKOS#10003554,2
http://ACM_CSS_SKOS#10003555,2
http://ACM_CSS_SKOS#10003556,2
http://ACM_CSS_SKOS#10003557,2
http://ACM_CSS_SKOS#10003558,2
http://ACM_CSS_SKOS#10003561,2
http://ACM_CSS_SKOS#10003567,2
http://ACM_CSS_SKOS#10003574,2
http://ACM_CSS_SKOS#10003580,2
http://ACM_CSS_SKOS#10003588,2
http://ACM_CSS_SKOS#10003596,2
http://ACM_CSS_SKOS#10003599,2
http://ACM_CSS_SKOS#10003602,2
http://ACM_CSS_SKOS#10003611,2
http://ACM_CSS_SKOS#10003612,2
http://ACM_CSS_SKOS#10003613,2
http://ACM_CSS_SKOS#10003614,2
http://ACM_CSS_SKOS#10003616,2
http://ACM_CSS_SKOS#10003618,2
http://ACM_CSS_SKOS#10003619,2
http://ACM_CSS_SKOS#10003625,2
http://ACM_CSS_SKOS#10003633,2
http://ACM_CSS_SKOS#10003635,2
http://ACM_CSS_SKOS#10003636,2
http://ACM_CSS_SKOS#10003649,2
http://ACM_CSS_SKOS#10003662,2
http://ACM_CSS_SKOS#10003670,2
http://ACM_CSS_SKOS#10003671,2
http://ACM_CSS_SKOS#10003688,2
http://ACM_CSS_SKOS#10003700,2
http://ACM_CSS_SKOS#10003702,2
http://ACM_CSS_SKOS#10003703,2
http://ACM_CSS_SKOS#10003704,2
http://ACM_CSS_SKOS#10003707,2
http://ACM_CSS_SKOS#10003708,2
http://ACM_CSS_SKOS#10003713,2
http://ACM_CSS_SKOS#10003715,2
http://ACM_CSS_SKOS#10003716,2
http://ACM_CSS_SKOS#10003727,2
http://ACM_CSS_SKOS#10003732,2
http://ACM_CSS_SKOS#10003736,2
http://ACM_CSS_SKOS#10003738,2
http://ACM_CSS_SKOS#10003739,2
http://ACM_CSS_SKOS#10003740,2
http://ACM_CSS_SKOS#10003742,2
http://ACM_CSS_SKOS#10003746,2
http://ACM_CSS_SKOS#10003754,2
http://ACM_CSS_SKOS#10003757,2
http://ACM_CSS_SKOS#10003758,2
http://ACM_CSS_SKOS#10003759,2
http://ACM_CSS_SKOS#10003760,2
http://ACM_CSS_SKOS#10003761,2
http://ACM_CSS_SKOS#10003765,2
http://ACM_CSS_SKOS#10003767,2
http://ACM_CSS_SKOS#10003770,2
http://ACM_CSS_SKOS#10003771,2
http://ACM_CSS_SKOS#10003772,2
http://ACM_CSS_SKOS#10003773,2
http://ACM_CSS_SKOS#10003776,2
http://ACM_CSS_SKOS#10003778,2
http://ACM_CSS_SKOS#10003779,2
http://ACM_CSS_SKOS#10003780,2
http://ACM_CSS_SKOS#10003781,2
http://ACM_CSS_SKOS#10003782,2
http://ACM_CSS_SKOS#10003783,2
http://ACM_CSS_SKOS#10003784,2
http://ACM_CSS_SKOS#10003785,2
http://ACM_CSS_SKOS#10003786,2
http://ACM_CSS_SKOS#10003787,2
http://ACM_CSS_SKOS#10003788,2
http://ACM_CSS_SKOS#10003789,2
http://ACM_CSS_SKOS#10003792,2
http://ACM_CSS_SKOS#10003793,2
http://ACM_CSS_SKOS#10003794,2
http://ACM_CSS_SKOS#10003795,2
http://ACM_CSS_SKOS#10003796,2
http://ACM_CSS_SKOS#10003797,2
http://ACM_CSS_SKOS#10003798,2
http://ACM_CSS_SKOS#10003799,2
http://ACM_CSS_SKOS#10003800,2
http://ACM_CSS_SKOS#10003801,2
http://ACM_CSS_SKOS#10003806,2
http://ACM_CSS_SKOS#10010031,2
http://ACM_CSS_SKOS#10010047,2
http://ACM_CSS_SKOS#10010052,2
http://ACM_CSS_SKOS#10010055,2
http://ACM_CSS_SKOS#10010062,2
http://ACM_CSS_SKOS#10010063,2
http://ACM_CSS_SKOS#10010064,2
http://ACM_CSS_SKOS#10010065,2
http://ACM_CSS_SKOS#10010066,2
http://ACM_CSS_SKOS#10010067,2
http://ACM_CSS_SKOS#10010068,2
http://ACM_CSS_SKOS#10010069,2
http://ACM_CSS_SKOS#10010071,2
http://ACM_CSS_SKOS#10010087,2
http://ACM_CSS_SKOS#10010093,2
http://ACM_CSS_SKOS#10010095,2
http://ACM_CSS_SKOS#10010099,2
http://ACM_CSS_SKOS#10010111,2
http://ACM_CSS_SKOS#10010125,2
http://ACM_CSS_SKOS#10010131,2
http://ACM_CSS_SKOS#10010138,2
http://ACM_CSS_SKOS#10010149,2
http://ACM_CSS_SKOS#10010162,2
http://ACM_CSS_SKOS#10010164,2
http://ACM_CSS_SKOS#10010170,2
http://ACM_CSS_SKOS#10010172,2
http://ACM_CSS_SKOS#10010175,2
http://ACM_CSS_SKOS#10010177,2
http://ACM_CSS_SKOS#10010179,2
http://ACM_CSS_SKOS#10010187,2
http://ACM_CSS_SKOS#10010199,2
http://ACM_CSS_SKOS#10010205,2
http://ACM_CSS_SKOS#10010213,2
http://ACM_CSS_SKOS#10010216,2
http://ACM_CSS_SKOS#10010219,2
http://ACM_CSS_SKOS#10010224,2
http://ACM_CSS_SKOS#10010258,2
http://ACM_CSS_SKOS#10010282,2
http://ACM_CSS_SKOS#10010293,2
http://ACM_CSS_SKOS#10010321,2
http://ACM_CSS_SKOS#10010339,2
http://ACM_CSS_SKOS#10010342,2
http://ACM_CSS_SKOS#10010346,2
http://ACM_CSS_SKOS#10010349,2
http://ACM_CSS_SKOS#10010352,2
http://ACM_CSS_SKOS#10010366,2
http://ACM_CSS_SKOS#10010370,2
http://ACM_CSS_SKOS#10010372,2
http://ACM_CSS_SKOS#10010382,2
http://ACM_CSS_SKOS#10010387,2
http://ACM_CSS_SKOS#10010395,2
http://ACM_CSS_SKOS#10010396,2
http://ACM_CSS_SKOS#10010412,2
http://ACM_CSS_SKOS#10010417,2
http://ACM_CSS_SKOS#10010421,2
http://ACM_CSS_SKOS#10010422,2
http://ACM_CSS_SKOS#10010423,2
http://ACM_CSS_SKOS#10010424,2
http://ACM_CSS_SKOS#10010425,2
http://ACM_CSS_SKOS#10010426,2
http://ACM_CSS_SKOS#10010427,2
http://ACM_CSS_SKOS#10010428,2
http://ACM_CSS_SKOS#10010429,2
http://ACM_CSS_SKOS#10010430,2
http://ACM_CSS_SKOS#10010431,2
http://ACM_CSS_SKOS#10010433,2
http://ACM_CSS_SKOS#10010434,2
http://ACM_CSS_SKOS#10010435,2
http://ACM_CSS_SKOS#10010436,2
http://ACM_CSS_SKOS#10010437,2
http://ACM_CSS_SKOS#10010439,2
http://ACM_CSS_SKOS#10010441,2
http://ACM_CSS_SKOS#10010442,2
http://ACM_CSS_SKOS#10010443,2
http://ACM_CSS_SKOS#10010446,2
http://ACM_CSS_SKOS#10010447,2
http://ACM_CSS_SKOS#10010449,2
http://ACM_CSS_SKOS#10010450,2
http://ACM_CSS_SKOS#10010452,2
http://ACM_CSS_SKOS#10010456,2
http://ACM_CSS_SKOS#10010458,2
http://ACM_CSS_SKOS#10010459,2
http://ACM_CSS_SKOS#10010460,2
http://ACM_CSS_SKOS#10010461,2
http://ACM_CSS_SKOS#10010463,2
http://ACM_CSS_SKOS#10010464,2
http://ACM_CSS_SKOS#10010465,2
http://ACM_CSS_SKOS#10010466,2
http://ACM_CSS_SKOS#10010467,2
http://ACM_CSS_SKOS#10010468,2
http://ACM_CSS_SKOS#10010470,2
http://ACM_CSS_SKOS#10010471,2
http://ACM_CSS_SKOS#10010472,2
http://ACM_CSS_SKOS#10010473,2
http://ACM_CSS_SKOS#10010474,2
http://ACM_CSS_SKOS#10010475,2
http://ACM_CSS_SKOS#10010477,2
http://ACM_CSS_SKOS#10010478,2
http://ACM_CSS_SKOS#10010479,2
http://ACM_CSS_SKOS#10010480,2
http://ACM_CSS_SKOS#10010482,2
http://ACM_CSS_SKOS#10010483,2
http://ACM_CSS_SKOS#10010484,2
http://ACM_CSS_SKOS#10010485,2
http://ACM_CSS_SKOS#10010487,2
http://ACM_CSS_SKOS#10010488,2
http://ACM_CSS_SKOS#10010490,2
http://ACM_CSS_SKOS#10010491,2
http://ACM_CSS_SKOS#10010492,2
http://ACM_CSS_SKOS#10010493,2
http://ACM_CSS_SKOS#10010494,2
http://ACM_CSS_SKOS#10010495,2
http://ACM_CSS_SKOS#10010496,2
http://ACM_CSS_SKOS#10010498,2
http://ACM_CSS_SKOS#10010500,2
http://ACM_CSS_SKOS#10010504,2
http://ACM_CSS_SKOS#10010510,2
http://ACM_CSS_SKOS#10010522,2
http://ACM_CSS_SKOS#10010528,2
http://ACM_CSS_SKOS#10010537,2
http://ACM_CSS_SKOS#10010542,2
http://ACM_CSS_SKOS#10010554,2
http://ACM_CSS_SKOS#10010559,2
http://ACM_CSS_SKOS#10010560,2
http://ACM_CSS_SKOS#10010562,2
http://ACM_CSS_SKOS#10010571,2
http://ACM_CSS_SKOS#10010572,2
http://ACM_CSS_SKOS#10010573,2
http://ACM_CSS_SKOS#10010574,2
http://ACM_CSS_SKOS#10010577,2
http://ACM_CSS_SKOS#10010578,2
http://ACM_CSS_SKOS#10010579,2
http://ACM_CSS_SKOS#10010580,2
http://ACM_CSS_SKOS#10010581,2
http://ACM_CSS_SKOS#10010582,2
http://ACM_CSS_SKOS#10010585,2
http://ACM_CSS_SKOS#10010586,2
http://ACM_CSS_SKOS#10010587,2
http://ACM_CSS_SKOS#10010590,2
http://ACM_CSS_SKOS#10010591,2
http://ACM_CSS_SKOS#10010592,2
http://ACM_CSS_SKOS#10010593,2
http://ACM_CSS_SKOS#10010594,2
http://ACM_CSS_SKOS#10010595,2
http://ACM_CSS_SKOS#10010596,2
http://ACM_CSS_SKOS#10010597,2
http://ACM_CSS_SKOS#10010598,2
http://ACM_CSS_SKOS#10010601,2
http://ACM_CSS_SKOS#10010602,2
http://ACM_CSS_SKOS#10010607,2
http://ACM_CSS_SKOS#10010612,2
http://ACM_CSS_SKOS#10010615,2
http://ACM_CSS_SKOS#10010622,2
http://ACM_CSS_SKOS#10010628,2
http://ACM_CSS_SKOS#10010634,2
http://ACM_CSS_SKOS#10010640,2
http://ACM_CSS_SKOS#10010645,2
http://ACM_CSS_SKOS#10010649,2
http://ACM_CSS_SKOS#10010650,2
http://ACM_CSS_SKOS#10010651,2
http://ACM_CSS_SKOS#10010652,2
http://ACM_CSS_SKOS#10010653,2
http://ACM_CSS_SKOS#10010654,2
http://ACM_CSS_SKOS#10010655,2
http://ACM_CSS_SKOS#10010656,2
http://ACM_CSS_SKOS#10010659,2
http://ACM_CSS_SKOS#10010663,2
http://ACM_CSS_SKOS#10010668,2
http://ACM_CSS_SKOS#10010673,2
http://ACM_CSS_SKOS#10010674,2
http://ACM_CSS_SKOS#10010684,2
http://ACM_CSS_SKOS#10010689,2
http://ACM_CSS_SKOS#10010690,2
http://ACM_CSS_SKOS#10010696,2
http://ACM_CSS_SKOS#10010697,2
http://ACM_CSS_SKOS#10010705,2
http://ACM_CSS_SKOS#10010712,2
http://ACM_CSS_SKOS#10010721,2
http://ACM_CSS_SKOS#10010728,2
http://ACM_CSS_SKOS#10010733,2
http://ACM_CSS_SKOS#10010738,2
http://ACM_CSS_SKOS#10010739,2
http://ACM_CSS_SKOS#10010740,2
http://ACM_CSS_SKOS#10010744,2
http://ACM_CSS_SKOS#10010745,2
http://ACM_CSS_SKOS#10010746,2
http://ACM_CSS_SKOS#10010747,2
http://ACM_CSS_SKOS#10010748,2
http://ACM_CSS_SKOS#10010749,2
http://ACM_CSS_SKOS#10010751,2
http://ACM_CSS_SKOS#10010755,2
http://ACM_CSS_SKOS#10010758,2
http://ACM_CSS_SKOS#10010762,2
http://ACM_CSS_SKOS#10010769,2
http://ACM_CSS_SKOS#10010777,2
http://ACM_CSS_SKOS#10010787,2
http://ACM_CSS_SKOS#10010792,2
http://ACM_CSS_SKOS#10010799,2
http://ACM_CSS_SKOS#10010805,2
http://ACM_CSS_SKOS#10010808,2
http://ACM_CSS_SKOS#10010809,2
http://ACM_CSS_SKOS#10010810,2
http://ACM_CSS_SKOS#10010811,2
http://ACM_CSS_SKOS#10010812,2
http://ACM_CSS_SKOS#10010813,2
http://ACM_CSS_SKOS#10010817,2
http://ACM_CSS_SKOS#10010839,2
http://ACM_CSS_SKOS#10010860,2
http://ACM_CSS_SKOS#10010912,2
http://ACM_CSS_SKOS#10010916,2
http://ACM_CSS_SKOS#10010924,2
http://ACM_CSS_SKOS#10010926,2
http://ACM_CSS_SKOS#10010930,2
http://ACM_CSS_SKOS#10010935,2
http://ACM_CSS_SKOS#10010936,2
http://ACM_CSS_SKOS#10010941,2
http://ACM_CSS_SKOS#10010971,2
http://ACM_CSS_SKOS#10010988,2
http://ACM_CSS_SKOS#10010992,2
http://ACM_CSS_SKOS#10011003,2
http://ACM_CSS_SKOS#10011008,2
http://ACM_CSS_SKOS#10011014,2
http://ACM_CSS_SKOS#10011039,2
http://ACM_CSS_SKOS#10011041,2
http://ACM_CSS_SKOS#10011050,2
http://ACM_CSS_SKOS#10011060,2
http://ACM_CSS_SKOS#10011066,2
http://ACM_CSS_SKOS#10011071,2
http://ACM_CSS_SKOS#10011072,2
http://ACM_CSS_SKOS#10011073,2
http://ACM_CSS_SKOS#10011075,2
http://ACM_CSS_SKOS#10011081,2
http://ACM_CSS_SKOS#10011092,2
http://ACM_CSS_SKOS#10011099,2
http://ACM_CSS_SKOS#10011111,2
http://ACM_CSS_SKOS#10011119,2
http://ACM_CSS_SKOS#10011124,2
http://ACM_CSS_SKOS#10011130,2
http://ACM_CSS_SKOS#10011131,2
http://ACM_CSS_SKOS#10011133,2
http://ACM_CSS_SKOS#10011134,2
http://ACM_CSS_SKOS#10011150,2
http://ACM_CSS_SKOS#10011153,2
http://ACM_CSS_SKOS#10011154,2
http://ACM_CSS_SKOS#10011155,2
http://ACM_CSS_SKOS#10011156,2
http://ACM_CSS_SKOS#10011158,2
http://ACM_CSS_SKOS#10011159,2
http://ACM_CSS_SKOS#10011160,2
http://ACM_CSS_SKOS#10011161,2
http://ACM_CSS_SKOS#10011162,2
http://ACM_CSS_SKOS#10011164,2
http://ACM_CSS_SKOS#10011165,2
http://ACM_CSS_SKOS#10011166,2
http://ACM_CSS_SKOS#10011167,2
http://ACM_CSS_SKOS#10011168,2
http://ACM_CSS_SKOS#10011169,2
http://ACM_CSS_SKOS#10011170,2
http://ACM_CSS_SKOS#10011171,2
http://ACM_CSS_SKOS#10011172,2
http://ACM_CSS_SKOS#10011174,2
http://ACM_CSS_SKOS#10011176,2
http://ACM_CSS_SKOS#10011178,2
http://ACM_CSS_SKOS#10011179,2
http://ACM_CSS_SKOS#10011181,2
http://ACM_CSS_SKOS#10011182,2
http://ACM_CSS_SKOS#10011183,2
http://ACM_CSS_SKOS#10011184,2
http://ACM_CSS_SKOS#10011185,2
http://ACM_CSS_SKOS#10011186,2
http://ACM_CSS_SKOS#10011187,2
http://ACM_CSS_SKOS#10011192,2
http://ACM_CSS_SKOS#10011193,2
http://ACM_CSS_SKOS#10011195,2
http://ACM_CSS_SKOS#10011196,2
http://ACM_CSS_SKOS#10011197,2
http://ACM_CSS_SKOS#10011198,2
http://ACM_CSS_SKOS#10011199,2
http://ACM_CSS_SKOS#10011200,2
http://ACM_CSS_SKOS#10011201,2
http://ACM_CSS_SKOS#10011202,2
http://ACM_CSS_SKOS#10011203,2
http://ACM_CSS_SKOS#10011204,2
http://ACM_CSS_SKOS#10011205,2
http://ACM_CSS_SKOS#10011206,2
http://ACM_CSS_SKOS#10011207,2
http://ACM_CSS_SKOS#10011208,2
http://ACM_CSS_SKOS#10011209,2
http://ACM_CSS_SKOS#10011211,2
http://ACM_CSS_SKOS#10011212,2
http://ACM_CSS_SKOS#10011213,2
http://ACM_CSS_SKOS#10011214,2
http://ACM_CSS_SKOS#10011215,2
http://ACM_CSS_SKOS#10011216,2
http://ACM_CSS_SKOS#10011217,2
http://ACM_CSS_SKOS#10011220,2
http://ACM_CSS_SKOS#10011221,2
http://ACM_CSS_SKOS#10011222,2
http://ACM_CSS_SKOS#10011223,2
http://ACM_CSS_SKOS#10011224,2
http://ACM_CSS_SKOS#10011226,2
http://ACM_CSS_SKOS#10011227,2
http://ACM_CSS_SKOS#10011228,2
http://ACM_CSS_SKOS#10011229,2
http://ACM_CSS_SKOS#10011230,2
http://ACM_CSS_SKOS#10011231,2
http://ACM_CSS_SKOS#10011232,2
http://ACM_CSS_SKOS#10011233,2
http://ACM_CSS_SKOS#10011235,2
http://ACM_CSS_SKOS#10011236,2
http://ACM_CSS_SKOS#10011237,2
http://ACM_CSS_SKOS#10011238,2
http://ACM_CSS_SKOS#10011239,2
http://ACM_CSS_SKOS#10011240,2
http://ACM_CSS_SKOS#10011242,2
http://ACM_CSS_SKOS#10011243,2
http://ACM_CSS_SKOS#10011244,2
http://ACM_CSS_SKOS#10011245,2
http://ACM_CSS_SKOS#10011247,2
http://ACM_CSS_SKOS#10011248,2
http://ACM_CSS_SKOS#10011249,2
http://ACM_CSS_SKOS#10011250,2
http://ACM_CSS_SKOS#10011252,2
http://ACM_CSS_SKOS#10011254,2
http://ACM_CSS_SKOS#10011260,2
http://ACM_CSS_SKOS#10011261,2
http://ACM_CSS_SKOS#10011262,2
http://ACM_CSS_SKOS#10011263,2
http://ACM_CSS_SKOS#10011264,2
http://ACM_CSS_SKOS#10011265,2
http://ACM_CSS_SKOS#10011266,2
http://ACM_CSS_SKOS#10011267,2
http://ACM_CSS_SKOS#10011269,2
http://ACM_CSS_SKOS#10011270,2
http://ACM_CSS_SKOS#10011271,2
http://ACM_CSS_SKOS#10011272,2
http://ACM_CSS_SKOS#10011273,2
http://ACM_CSS_SKOS#10011274,2
http://ACM_CSS_SKOS#10011275,2
http://ACM_CSS_SKOS#10011276,2
http://ACM_CSS_SKOS#10011277,2
http://ACM_CSS_SKOS#10011278,2
http://ACM_CSS_SKOS#10011279,2
http://ACM_CSS_SKOS#10011280,2
http://ACM_CSS_SKOS#10011281,2
http://ACM_CSS_SKOS#10011282,2
http://ACM_CSS_SKOS#10011283,2
http://ACM_CSS_SKOS#10011284,2
http://ACM_CSS_SKOS#10011285,2
http://ACM_CSS_SKOS#10011286,2
http://ACM_CSS_SKOS#10011287,2
http://ACM_CSS_SKOS#10011288,2
http://ACM_CSS_SKOS#10011289,2
http://ACM_CSS_SKOS#10011290,2
http://ACM_CSS_SKOS#10011291,2
http://ACM_CSS_SKOS#10011292,2
http://ACM_CSS_SKOS#10011293,2
http://ACM_CSS_SKOS#10011294,2
http://ACM_CSS_SKOS#10011296,2
http://ACM_CSS_SKOS#10011297,2
http://ACM_CSS_SKOS#10011298,2
http://ACM_CSS_SKOS#10011299,2
http://ACM_CSS_SKOS#10011300,2
http://ACM_CSS_SKOS#10011301,2
http://ACM_CSS_SKOS#10011302,2
http://ACM_CSS_SKOS#10011303,2
http://ACM_CSS_SKOS#10011306,2
http://ACM_CSS_SKOS#10011308,2
http://ACM_CSS_SKOS#10011309,2
http://ACM_CSS_SKOS#10011312,2
http://ACM_CSS_SKOS#10011313,2
http://ACM_CSS_SKOS#10011314,2
http://ACM_CSS_SKOS#10011316,2
http://ACM_CSS_SKOS#10011317,2
http://ACM_CSS_SKOS#10011318,2
http://ACM_CSS_SKOS#10011319,2
http://ACM_CSS_SKOS#10011320,2
http://ACM_CSS_SKOS#10011321,2
http://ACM_CSS_SKOS#10011322,2
http://ACM_CSS_SKOS#10011323,2
http://ACM_CSS_SKOS#10011324,2
http://ACM_CSS_SKOS#10011327,2
http://ACM_CSS_SKOS#10011328,2
http://ACM_CSS_SKOS#10011330,2
http://ACM_CSS_SKOS#10011332,2
http://ACM_CSS_SKOS#10011333,2
http://ACM_CSS_SKOS#10011335,2
http://ACM_CSS_SKOS#10011336,2
http://ACM_CSS_SKOS#10011337,2
http://ACM_CSS_SKOS#10011338,2
http://ACM_CSS_SKOS#10011339,2
http://ACM_CSS_SKOS#10011341,2
http://ACM_CSS_SKOS#10011342,2
http://ACM_CSS_SKOS#10011343,2
http://ACM_CSS_SKOS#10011344,2
http://ACM_CSS_SKOS#10011346,2
http://ACM_CSS_SKOS#10011348,2
http://ACM_CSS_SKOS#10011349,2
http://ACM_CSS_SKOS#10011351,2
http://ACM_CSS_SKOS#10011352,2
http://ACM_CSS_SKOS#10011353,2
http://ACM_CSS_SKOS#10011354,2
http://ACM_CSS_SKOS#10011355,2
http://ACM_CSS_SKOS#10011357,2
http://ACM_CSS_SKOS#10011358,2
http://ACM_CSS_SKOS#10011361,2
http://ACM_CSS_SKOS#10011363,2
http://ACM_CSS_SKOS#10011364,2
http://ACM_CSS_SKOS#10011367,2
http://ACM_CSS_SKOS#10011369,2
http://ACM_CSS_SKOS#10011370,2
http://ACM_CSS_SKOS#10011371,2
http://ACM_CSS_SKOS#10011373,2
http://ACM_CSS_SKOS#10011376,2
http://ACM_CSS_SKOS#10011377,2
http://ACM_CSS_SKOS#10011378,2
http://ACM_CSS_SKOS#10011380,2
http://ACM_CSS_SKOS#10011381,2
http://ACM_CSS_SKOS#10011382,2
http://ACM_CSS_SKOS#10011384,2
http://ACM_CSS_SKOS#10011385,2
http://ACM_CSS_SKOS#10011386,2
http://ACM_CSS_SKOS#10011387,2
http://ACM_CSS_SKOS#10011388,2
http://ACM_CSS_SKOS#10011389,2
http://ACM_CSS_SKOS#10011390,2
http://ACM_CSS_SKOS#10011391,2
http://ACM_CSS_SKOS#10011392,2
http://ACM_CSS_SKOS#10011393,2
http://ACM_CSS_SKOS#10011394,2
http://ACM_CSS_SKOS#10011395,2
http://ACM_CSS_SKOS#10011396,2
http://ACM_CSS_SKOS#10011397,2
http://ACM_CSS_SKOS#10011398,2
http://ACM_CSS_SKOS#10011400,2
http://ACM_CSS_SKOS#10011401,2
http://ACM_CSS_SKOS#10011402,2
http://ACM_CSS_SKOS#10011403,2
http://ACM_CSS_SKOS#10011404,2
http://ACM_CSS_SKOS#10011405,2
http://ACM_CSS_SKOS#10011406,2
http://ACM_CSS_SKOS#10011407,2
http://ACM_CSS_SKOS#10011408,2
http://ACM_CSS_SKOS#10011409,2
http://ACM_CSS_SKOS#10011410,2
http://ACM_CSS_SKOS#10011411,2
http://ACM_CSS_SKOS#10011412,2
http://ACM_CSS_SKOS#10011413,2
http://ACM_CSS_SKOS#10011414,2
http://ACM_CSS_SKOS#10011415,2
http://ACM_CSS_SKOS#10011416,2
http://ACM_CSS_SKOS#10011417,2
http://ACM_CSS_SKOS#10011418,2
http://ACM_CSS_SKOS#10011419,2
http://ACM_CSS_SKOS#10011420,2
http://ACM_CSS_SKOS#10011421,2
http://ACM_CSS_SKOS#10011422,2
http://ACM_CSS_SKOS#10011423,2
http://ACM_CSS_SKOS#10011424,2
http://ACM_CSS_SKOS#10011425,2
http://ACM_CSS_SKOS#10011426,2
http://ACM_CSS_SKOS#10011427,2
http://ACM_CSS_SKOS#10011428,2
http://ACM_CSS_SKOS#10011429,2
http://ACM_CSS_SKOS#10011430,2
http://ACM_CSS_SKOS#10011431,2
http://ACM_CSS_SKOS#10011432,2
http://ACM_CSS_SKOS#10011433,2
http://ACM_CSS_SKOS#10011434,2
http://ACM_CSS_SKOS#10011435,2
http://ACM_CSS_SKOS#10011436,2
http://ACM_CSS_SKOS#10011437,2
http://ACM_CSS_SKOS#10011438,2
http://ACM_CSS_SKOS#10011439,2
http://ACM_CSS_SKOS#10011440,2
http://ACM_CSS_SKOS#10011441,2
http://ACM_CSS_SKOS#10011442,2
http://ACM_CSS_SKOS#10011443,2
http://ACM_CSS_SKOS#10011444,2
http://ACM_CSS_SKOS#10011446,2
http://ACM_CSS_SKOS#10011447,2
http://ACM_CSS_SKOS#10011448,2
http://ACM_CSS_SKOS#10011449,2
http://ACM_CSS_SKOS#10011450,2
http://ACM_CSS_SKOS#10011451,2
http://ACM_CSS_SKOS#10011452,2
http://ACM_CSS_SKOS#10011453,2
http://ACM_CSS_SKOS#10011454,2
http://ACM_CSS_SKOS#10011455,2
http://ACM_CSS_SKOS#10011456,2
http://ACM_CSS_SKOS#10011457,2
http://ACM_CSS_SKOS#10011458,2
http://ACM_CSS_SKOS#10011459,2
http://ACM_CSS_SKOS#10011460,2
http://ACM_CSS_SKOS#10011461,2
http://ACM_CSS_SKOS#10011462,2
http://ACM_CSS_SKOS#10011463,2
http://ACM_CSS_SKOS#10011464,2
http://ACM_CSS_SKOS#10011465,2
http://ACM_CSS_SKOS#10011466,2
http://ACM_CSS_SKOS#10011467,2
http://ACM_CSS_SKOS#10011468,2
http://ACM_CSS_SKOS#10011469,2
http://ACM_CSS_SKOS#10011470,2
http://ACM_CSS_SKOS#10011471,2
http://ACM_CSS_SKOS#10011472,2
http://ACM_CSS_SKOS#10011473,2
http://ACM_CSS_SKOS#10011474,2
http://ACM_CSS_SKOS#10011475,2
http://ACM_CSS_SKOS#10011476,2
http://ACM_CSS_SKOS#10011477,2
http://ACM_CSS_SKOS#10011478,2
http://ACM_CSS_SKOS#10011479,2
http://ACM_CSS_SKOS#10011480,2
http://ACM_CSS_SKOS#10011481,2
http://ACM_CSS_SKOS#10011482,2
http://ACM_CSS_SKOS#10011483,2
http://ACM_CSS_SKOS#10011484,2
http://ACM_CSS_SKOS#10011485,2
http://ACM_CSS_SKOS#10011486,2
http://ACM_CSS_SKOS#10011487,2
http://ACM_CSS_SKOS#10011488,2
http://ACM_CSS_SKOS#10011489,2
http://ACM_CSS_SKOS#10011490,2
http://ACM_CSS_SKOS#10011491,2
http://ACM_CSS_SKOS#10011492,2
http://ACM_CSS_SKOS#10011493,2
http://ACM_CSS_SKOS#10011494,2
http://ACM_CSS_SKOS#10011495,2
http://ACM_CSS_SKOS#10011496,2
http://ACM_CSS_SKOS#10011497,2
http://ACM_CSS_SKOS#10011498,2
http://ACM_CSS_SKOS#10011499,2
http://ACM_CSS_SKOS#10011500,2
http://ACM_CSS_SKOS#10011501,2
http://ACM_CSS_SKOS#10011502,2
http://ACM_CSS_SKOS#10011503,2
http://ACM_CSS_SKOS#10011504,2
http://ACM_CSS_SKOS#10011505,2
http://ACM_CSS_SKOS#10011506,2
http://ACM_CSS_SKOS#10011507,2
http://ACM_CSS_SKOS#10011508,2
http://ACM_CSS_SKOS#10011509,2
http://ACM_CSS_SKOS#10011510,2
http://ACM_CSS_SKOS#10011511,2
http://ACM_CSS_SKOS#10011512,2
http://ACM_CSS_SKOS#10011513,2
http://ACM_CSS_SKOS#10011514,2
http://ACM_CSS_SKOS#10011515,2
http://ACM_CSS_SKOS#10011516,2
http://ACM_CSS_SKOS#10011517,2
http://ACM_CSS_SKOS#10011518,2
http://ACM_CSS_SKOS#10011519,2
http://ACM_CSS_SKOS#10011520,2
http://ACM_CSS_SKOS#10011521,2
http://ACM_CSS_SKOS#10011522,2
http://ACM_CSS_SKOS#10011523,2
http://ACM_CSS_SKOS#10011524,2
http://ACM_CSS_SKOS#10011525,2
http://ACM_CSS_SKOS#10011526,2
http://ACM_CSS_SKOS#10011527,2
http://ACM_CSS_SKOS#10011528,2
http://ACM_CSS_SKOS#10011529,2
http://ACM_CSS_SKOS#10011530,2
http://ACM_CSS_SKOS#10011531,2
http://ACM_CSS_SKOS#10011532,2
http://ACM_CSS_SKOS#10011533,2
http://ACM_CSS_SKOS#10011534,2
http://ACM_CSS_SKOS#10011535,2
http://ACM_CSS_SKOS#10011536,2
http://ACM_CSS_SKOS#10011537,2
http://ACM_CSS_SKOS#10011538,2
http://ACM_CSS_SKOS#10011539,2
http://ACM_CSS_SKOS#10011540,2
http://ACM_CSS_SKOS#10011541,2
http://ACM_CSS_SKOS#10011542,2
http://ACM_CSS_SKOS#10011543,2
http://ACM_CSS_SKOS#10011545,2
http://ACM_CSS_SKOS#10011546,2
http://ACM_CSS_SKOS#10011547,2
http://ACM_CSS_SKOS#10011548,2
http://ACM_CSS_SKOS#10011549,2
http://ACM_CSS_SKOS#10011550,2
http://ACM_CSS_SKOS#10011551,2
http://ACM_CSS_SKOS#10011552,2
http://ACM_CSS_SKOS#10011553,2
http://ACM_CSS_SKOS#10011554,2
http://ACM_CSS_SKOS#10011555,2
http://ACM_CSS_SKOS#10011558,2
http://ACM_CSS_SKOS#10011560,2
http://ACM_CSS_SKOS#10011561,2
http://ACM_CSS_SKOS#10011562,2
http://ACM_CSS_SKOS#10011563,2
http://ACM_CSS_SKOS#10011564,2
http://ACM_CSS_SKOS#10011565,2
http://ACM_CSS_SKOS#10011566,2
http://ACM_CSS_SKOS#10011567,2
http://ACM_CSS_SKOS#10011568,2
http://ACM_CSS_SKOS#10011569,2
http://ACM_CSS_SKOS#10011570,2
http://ACM_CSS_SKOS#10011571,2
http://ACM_CSS_SKOS#10011572,2
http://ACM_CSS_SKOS#10011573,2
http://ACM_CSS_SKOS#10011574,2
http://ACM_CSS_SKOS#10011575,2
http://ACM_CSS_SKOS#10011576,2
http://ACM_CSS_SKOS#10011577,2
http://ACM_CSS_SKOS#10011579,2
http://ACM_CSS_SKOS#10011582,2
http://ACM_CSS_SKOS#10011583,2
http://ACM_CSS_SKOS#10011584,2
http://ACM_CSS_SKOS#10011585,2
http://ACM_CSS_SKOS#10011586,2
http://ACM_CSS_SKOS#10011587,2
http://ACM_CSS_SKOS#10011588,2
http://ACM_CSS_SKOS#10011589,2
http://ACM_CSS_SKOS#10011590,2
http://ACM_CSS_SKOS#10011591,2
http://ACM_CSS_SKOS#10011592,2
http://ACM_CSS_SKOS#10011593,2
http://ACM_CSS_SKOS#10011594,2
http://ACM_CSS_SKOS#10011597,2
http://ACM_CSS_SKOS#10011607,2
http://ACM_CSS_SKOS#10011608,2
http://ACM_CSS_SKOS#10011610,2
http://ACM_CSS_SKOS#10011617,2
http://ACM_CSS_SKOS#10011634,2
http://ACM_CSS_SKOS#10011655,2
http://ACM_CSS_SKOS#10011667,2
http://ACM_CSS_SKOS#10011669,2
http://ACM_CSS_SKOS#10011670,2
http://ACM_CSS_SKOS#10011672,2
http://ACM_CSS_SKOS#10011673,2
http://ACM_CSS_SKOS#10011674,2
http://ACM_CSS_SKOS#10011675,2
http://ACM_CSS_SKOS#10011676,2
http://ACM_CSS_SKOS#10011686,2
http://ACM_CSS_SKOS#10011703,2
http://ACM_CSS_SKOS#10011704,2
http://ACM_CSS_SKOS#10011705,2
http://ACM_CSS_SKOS#10011715,2
http://ACM_CSS_SKOS#10011731,2
http://ACM_CSS_SKOS#10011737,2
http://ACM_CSS_SKOS#10011739,2
http://ACM_CSS_SKOS#10011740,2
http://ACM_CSS_SKOS#10011741,2
http://ACM_CSS_SKOS#10011742,2
http://ACM_CSS_SKOS#10011743,2
http://ACM_CSS_SKOS#10011746,2
http://ACM_CSS_SKOS#10011747,2
http://ACM_CSS_SKOS#10011748,2
http://ACM_CSS_SKOS#10011758,2
http://ACM_CSS_SKOS#10011759,2
http://ACM_CSS_SKOS#10011760,2
http://ACM_CSS_SKOS#10011762,2
http://ACM_CSS_SKOS#10011764,2
http://ACM_CSS_SKOS#10011767,2
http://ACM_CSS_SKOS#10011768,2
http://ACM_CSS_SKOS#10011769,2
http://ACM_CSS_SKOS#10011770,2
http://ACM_CSS_SKOS#10011772,2
http://ACM_CSS_SKOS#10011773,2
http://ACM_CSS_SKOS#10011774,2
http://ACM_CSS_SKOS#10011775,2
http://ACM_CSS_SKOS#10011776,2
http://ACM_CSS_SKOS#10011778,2
http://ACM_CSS_SKOS#10003790CL,2
http://ACM_CSS_SKOS#10010082,3
http://ACM_CSS_SKOS#10002955,3
http://ACM_CSS_SKOS#10002959,3
http://ACM_CSS_SKOS#10002975,3
http://ACM_CSS_SKOS#10002996,3
http://ACM_CSS_SKOS#10003000,3
http://ACM_CSS_SKOS#10003008,3
http://ACM_CSS_SKOS#10003009,3
http://ACM_CSS_SKOS#10003010,3
http://ACM_CSS_SKOS#10003015,3
http://ACM_CSS_SKOS#10003016,3
http://ACM_CSS_SKOS#10003017,3
http://ACM_CSS_SKOS#10003036,3
http://ACM_CSS_SKOS#10003037,3
http://ACM_CSS_SKOS#10003042,3
http://ACM_CSS_SKOS#10003043,3
http://ACM_CSS_SKOS#10003046,3
http://ACM_CSS_SKOS#10003047,3
http://ACM_CSS_SKOS#10003052,3
http://ACM_CSS_SKOS#10003054,3
http://ACM_CSS_SKOS#10003055,3
http://ACM_CSS_SKOS#10003060,3
http://ACM_CSS_SKOS#10003061,3
http://ACM_CSS_SKOS#10003067,3
http://ACM_CSS_SKOS#10003070,3
http://ACM_CSS_SKOS#10003071,3
http://ACM_CSS_SKOS#10003072,3
http://ACM_CSS_SKOS#10003074,3
http://ACM_CSS_SKOS#10003075,3
http://ACM_CSS_SKOS#10003076,3
http://ACM_CSS_SKOS#10003077,3
http://ACM_CSS_SKOS#10003085,3
http://ACM_CSS_SKOS#10003086,3
http://ACM_CSS_SKOS#10003087,3
http://ACM_CSS_SKOS#10003088,3
http://ACM_CSS_SKOS#10003089,3
http://ACM_CSS_SKOS#10003091,3
http://ACM_CSS_SKOS#10003092,3
http://ACM_CSS_SKOS#10003093,3
http://ACM_CSS_SKOS#10003100,3
http://ACM_CSS_SKOS#10003101,3
http://ACM_CSS_SKOS#10003107,3
http://ACM_CSS_SKOS#10003115,3
http://ACM_CSS_SKOS#10003116,3
http://ACM_CSS_SKOS#10003118,3
http://ACM_CSS_SKOS#10003155,3
http://ACM_CSS_SKOS#10003156,3
http://ACM_CSS_SKOS#10003157,3
http://ACM_CSS_SKOS#10003158,3
http://ACM_CSS_SKOS#10003159,3
http://ACM_CSS_SKOS#10003160,3
http://ACM_CSS_SKOS#10003162,3
http://ACM_CSS_SKOS#10003163,3
http://ACM_CSS_SKOS#10003164,3
http://ACM_CSS_SKOS#10003165,3
http://ACM_CSS_SKOS#10003167,3
http://ACM_CSS_SKOS#10003168,3
http://ACM_CSS_SKOS#10003171,3
http://ACM_CSS_SKOS#10003172,3
http://ACM_CSS_SKOS#10003176,3
http://ACM_CSS_SKOS#10003180,3
http://ACM_CSS_SKOS#10003181,3
http://ACM_CSS_SKOS#10003182,3
http://ACM_CSS_SKOS#10003183,3
http://ACM_CSS_SKOS#10003184,3
http://ACM_CSS_SKOS#10003185,3
http://ACM_CSS_SKOS#10003186,3
http://ACM_CSS_SKOS#10003191,3
http://ACM_CSS_SKOS#10003192,3
http://ACM_CSS_SKOS#10003193,3
http://ACM_CSS_SKOS#10003194,3
http://ACM_CSS_SKOS#10003195,3
http://ACM_CSS_SKOS#10003201,3
http://ACM_CSS_SKOS#10003205,3
http://ACM_CSS_SKOS#10003206,3
http://ACM_CSS_SKOS#10003213,3
http://ACM_CSS_SKOS#10003214,3
http://ACM_CSS_SKOS#10003215,3
http://ACM_CSS_SKOS#10003216,3
http://ACM_CSS_SKOS#10003217,3
http://ACM_CSS_SKOS#10003218,3
http://ACM_CSS_SKOS#10003221,3
http://ACM_CSS_SKOS#10003222,3
http://ACM_CSS_SKOS#10003223,3
http://ACM_CSS_SKOS#10003224,3
http://ACM_CSS_SKOS#10003229,3
http://ACM_CSS_SKOS#10003230,3
http://ACM_CSS_SKOS#10003232,3
http://ACM_CSS_SKOS#10003234,3
http://ACM_CSS_SKOS#10003235,3
http://ACM_CSS_SKOS#10003237,3
http://ACM_CSS_SKOS#10003238,3
http://ACM_CSS_SKOS#10003239,3
http://ACM_CSS_SKOS#10003242,3
http://ACM_CSS_SKOS#10003243,3
http://ACM_CSS_SKOS#10003244,3
http://ACM_CSS_SKOS#10003248,3
http://ACM_CSS_SKOS#10003249,3
http://ACM_CSS_SKOS#10003250,3
http://ACM_CSS_SKOS#10003253,3
http://ACM_CSS_SKOS#10003254,3
http://ACM_CSS_SKOS#10003255,3
http://ACM_CSS_SKOS#10003256,3
http://ACM_CSS_SKOS#10003258,3
http://ACM_CSS_SKOS#10003259,3
http://ACM_CSS_SKOS#10003263,3
http://ACM_CSS_SKOS#10003267,3
http://ACM_CSS_SKOS#10003269,3
http://ACM_CSS_SKOS#10003270,3
http://ACM_CSS_SKOS#10003271,3
http://ACM_CSS_SKOS#10003273,3
http://ACM_CSS_SKOS#10003274,3
http://ACM_CSS_SKOS#10003275,3
http://ACM_CSS_SKOS#10003276,3
http://ACM_CSS_SKOS#10003278,3
http://ACM_CSS_SKOS#10003279,3
http://ACM_CSS_SKOS#10003280,3
http://ACM_CSS_SKOS#10003281,3
http://ACM_CSS_SKOS#10003286,3
http://ACM_CSS_SKOS#10003288,3
http://ACM_CSS_SKOS#10003292,3
http://ACM_CSS_SKOS#10003293,3
http://ACM_CSS_SKOS#10003296,3
http://ACM_CSS_SKOS#10003301,3
http://ACM_CSS_SKOS#10003302,3
http://ACM_CSS_SKOS#10003303,3
http://ACM_CSS_SKOS#10003305,3
http://ACM_CSS_SKOS#10003306,3
http://ACM_CSS_SKOS#10003307,3
http://ACM_CSS_SKOS#10003308,3
http://ACM_CSS_SKOS#10003315,3
http://ACM_CSS_SKOS#10003319,3
http://ACM_CSS_SKOS#10003320,3
http://ACM_CSS_SKOS#10003321,3
http://ACM_CSS_SKOS#10003323,3
http://ACM_CSS_SKOS#10003324,3
http://ACM_CSS_SKOS#10003326,3
http://ACM_CSS_SKOS#10003327,3
http://ACM_CSS_SKOS#10003328,3
http://ACM_CSS_SKOS#10003329,3
http://ACM_CSS_SKOS#10003330,3
http://ACM_CSS_SKOS#10003332,3
http://ACM_CSS_SKOS#10003333,3
http://ACM_CSS_SKOS#10003334,3
http://ACM_CSS_SKOS#10003336,3
http://ACM_CSS_SKOS#10003337,3
http://ACM_CSS_SKOS#10003339,3
http://ACM_CSS_SKOS#10003340,3
http://ACM_CSS_SKOS#10003341,3
http://ACM_CSS_SKOS#10003342,3
http://ACM_CSS_SKOS#10003343,3
http://ACM_CSS_SKOS#10003344,3
http://ACM_CSS_SKOS#10003345,3
http://ACM_CSS_SKOS#10003346,3
http://ACM_CSS_SKOS#10003348,3
http://ACM_CSS_SKOS#10003349,3
http://ACM_CSS_SKOS#10003350,3
http://ACM_CSS_SKOS#10003352,3
http://ACM_CSS_SKOS#10003353,3
http://ACM_CSS_SKOS#10003354,3
http://ACM_CSS_SKOS#10003355,3
http://ACM_CSS_SKOS#10003356,3
http://ACM_CSS_SKOS#10003357,3
http://ACM_CSS_SKOS#10003360,3
http://ACM_CSS_SKOS#10003361,3
http://ACM_CSS_SKOS#10003362,3
http://ACM_CSS_SKOS#10003363,3
http://ACM_CSS_SKOS#10003366,3
http://ACM_CSS_SKOS#10003367,3
http://ACM_CSS_SKOS#10003368,3
http://ACM_CSS_SKOS#10003369,3
http://ACM_CSS_SKOS#10003370,3
http://ACM_CSS_SKOS#10003376,3
http://ACM_CSS_SKOS#10003381,3
http://ACM_CSS_SKOS#10003386,3
http://ACM_CSS_SKOS#10003399,3
http://ACM_CSS_SKOS#10003401,3
http://ACM_CSS_SKOS#10003402,3
http://ACM_CSS_SKOS#10003403,3
http://ACM_CSS_SKOS#10003405,3
http://ACM_CSS_SKOS#10003406,3
http://ACM_CSS_SKOS#10003407,3
http://ACM_CSS_SKOS#10003408,3
http://ACM_CSS_SKOS#10003409,3
http://ACM_CSS_SKOS#10003410,3
http://ACM_CSS_SKOS#10003434,3
http://ACM_CSS_SKOS#10003442,3
http://ACM_CSS_SKOS#10003443,3
http://ACM_CSS_SKOS#10003444,3
http://ACM_CSS_SKOS#10003445,3
http://ACM_CSS_SKOS#10003446,3
http://ACM_CSS_SKOS#10003449,3
http://ACM_CSS_SKOS#10003450,3
http://ACM_CSS_SKOS#10003451,3
http://ACM_CSS_SKOS#10003460,3
http://ACM_CSS_SKOS#10003461,3
http://ACM_CSS_SKOS#10003464,3
http://ACM_CSS_SKOS#10003465,3
http://ACM_CSS_SKOS#10003466,3
http://ACM_CSS_SKOS#10003467,3
http://ACM_CSS_SKOS#10003469,3
http://ACM_CSS_SKOS#10003470,3
http://ACM_CSS_SKOS#10003471,3
http://ACM_CSS_SKOS#10003472,3
http://ACM_CSS_SKOS#10003473,3
http://ACM_CSS_SKOS#10003475,3
http://ACM_CSS_SKOS#10003479,3
http://ACM_CSS_SKOS#10003481,3
http://ACM_CSS_SKOS#10003482,3
http://ACM_CSS_SKOS#10003483,3
http://ACM_CSS_SKOS#10003484,3
http://ACM_CSS_SKOS#10003486,3
http://ACM_CSS_SKOS#10003488,3
http://ACM_CSS_SKOS#10003489,3
http://ACM_CSS_SKOS#10003491,3
http://ACM_CSS_SKOS#10003498,3
http://ACM_CSS_SKOS#10003503,3
http://ACM_CSS_SKOS#10003507,3
http://ACM_CSS_SKOS#10003511,3
http://ACM_CSS_SKOS#10003512,3
http://ACM_CSS_SKOS#10003514,3
http://ACM_CSS_SKOS#10003516,3
http://ACM_CSS_SKOS#10003518,3
http://ACM_CSS_SKOS#10003519,3
http://ACM_CSS_SKOS#10003522,3
http://ACM_CSS_SKOS#10003523,3
http://ACM_CSS_SKOS#10003524,3
http://ACM_CSS_SKOS#10003525,3
http://ACM_CSS_SKOS#10003526,3
http://ACM_CSS_SKOS#10003528,3
http://ACM_CSS_SKOS#10003529,3
http://ACM_CSS_SKOS#10003530,3
http://ACM_CSS_SKOS#10003531,3
http://ACM_CSS_SKOS#10003538,3
http://ACM_CSS_SKOS#10003539,3
http://ACM_CSS_SKOS#10003540,3
http://ACM_CSS_SKOS#10003541,3
http://ACM_CSS_SKOS#10003542,3
http://ACM_CSS_SKOS#10003543,3
http://ACM_CSS_SKOS#10003545,3
http://ACM_CSS_SKOS#10003548,3
http://ACM_CSS_SKOS#10003549,3
http://ACM_CSS_SKOS#10003550,3
http://ACM_CSS_SKOS#10003552,3
http://ACM_CSS_SKOS#10003559,3
http://ACM_CSS_SKOS#10003560,3
http://ACM_CSS_SKOS#10003562,3
http://ACM_CSS_SKOS#10003563,3
http://ACM_CSS_SKOS#10003566,3
http://ACM_CSS_SKOS#10003568,3
http://ACM_CSS_SKOS#10003569,3
http://ACM_CSS_SKOS#10003570,3
http://ACM_CSS_SKOS#10003571,3
http://ACM_CSS_SKOS#10003572,3
http://ACM_CSS_SKOS#10003573,3
http://ACM_CSS_SKOS#10003575,3
http://ACM_CSS_SKOS#10003578,3
http://ACM_CSS_SKOS#10003579,3
http://ACM_CSS_SKOS#10003581,3
http://ACM_CSS_SKOS#10003583,3
http://ACM_CSS_SKOS#10003584,3
http://ACM_CSS_SKOS#10003585,3
http://ACM_CSS_SKOS#10003587,3
http://ACM_CSS_SKOS#10003589,3
http://ACM_CSS_SKOS#10003590,3
http://ACM_CSS_SKOS#10003592,3
http://ACM_CSS_SKOS#10003597,3
http://ACM_CSS_SKOS#10003600,3
http://ACM_CSS_SKOS#10003603,3
http://ACM_CSS_SKOS#10003604,3
http://ACM_CSS_SKOS#10003605,3
http://ACM_CSS_SKOS#10003606,3
http://ACM_CSS_SKOS#10003607,3
http://ACM_CSS_SKOS#10003608,3
http://ACM_CSS_SKOS#10003623,3
http://ACM_CSS_SKOS#10003626,3
http://ACM_CSS_SKOS#10003627,3
http://ACM_CSS_SKOS#10003628,3
http://ACM_CSS_SKOS#10003629,3
http://ACM_CSS_SKOS#10003630,3
http://ACM_CSS_SKOS#10003631,3
http://ACM_CSS_SKOS#10003632,3
http://ACM_CSS_SKOS#10003634,3
http://ACM_CSS_SKOS#10003637,3
http://ACM_CSS_SKOS#10003638,3
http://ACM_CSS_SKOS#10003639,3
http://ACM_CSS_SKOS#10003640,3
http://ACM_CSS_SKOS#10003641,3
http://ACM_CSS_SKOS#10003642,3
http://ACM_CSS_SKOS#10003643,3
http://ACM_CSS_SKOS#10003644,3
http://ACM_CSS_SKOS#10003645,3
http://ACM_CSS_SKOS#10003646,3
http://ACM_CSS_SKOS#10003647,3
http://ACM_CSS_SKOS#10003650,3
http://ACM_CSS_SKOS#10003651,3
http://ACM_CSS_SKOS#10003652,3
http://ACM_CSS_SKOS#10003653,3
http://ACM_CSS_SKOS#10003654,3
http://ACM_CSS_SKOS#10003655,3
http://ACM_CSS_SKOS#10003656,3
http://ACM_CSS_SKOS#10003657,3
http://ACM_CSS_SKOS#10003660,3
http://ACM_CSS_SKOS#10003663,3
http://ACM_CSS_SKOS#10003664,3
http://ACM_CSS_SKOS#10003665,3
http://ACM_CSS_SKOS#10003666,3
http://ACM_CSS_SKOS#10003667,3
http://ACM_CSS_SKOS#10003669,3
http://ACM_CSS_SKOS#10003673,3
http://ACM_CSS_SKOS#10003674,3
http://ACM_CSS_SKOS#10003675,3
http://ACM_CSS_SKOS#10003676,3
http://ACM_CSS_SKOS#10003677,3
http://ACM_CSS_SKOS#10003682,3
http://ACM_CSS_SKOS#10003683,3
http://ACM_CSS_SKOS#10003684,3
http://ACM_CSS_SKOS#10003687,3
http://ACM_CSS_SKOS#10003689,3
http://ACM_CSS_SKOS#10003690,3
http://ACM_CSS_SKOS#10003691,3
http://ACM_CSS_SKOS#10003693,3
http://ACM_CSS_SKOS#10003694,3
http://ACM_CSS_SKOS#10003695,3
http://ACM_CSS_SKOS#10003696,3
http://ACM_CSS_SKOS#10003697,3
http://ACM_CSS_SKOS#10003698,3
http://ACM_CSS_SKOS#10003699,3
http://ACM_CSS_SKOS#10003701,3
http://ACM_CSS_SKOS#10003717,3
http://ACM_CSS_SKOS#10003718,3
http://ACM_CSS_SKOS#10003719,3
http://ACM_CSS_SKOS#10003720,3
http://ACM_CSS_SKOS#10003721,3
http://ACM_CSS_SKOS#10003722,3
http://ACM_CSS_SKOS#10003724,3
http://ACM_CSS_SKOS#10003725,3
http://ACM_CSS_SKOS#10003726,3
http://ACM_CSS_SKOS#10003728,3
http://ACM_CSS_SKOS#10003729,3
http://ACM_CSS_SKOS#10003730,3
http://ACM_CSS_SKOS#10003731,3
http://ACM_CSS_SKOS#10003733,3
http://ACM_CSS_SKOS#10003734,3
http://ACM_CSS_SKOS#10003735,3
http://ACM_CSS_SKOS#10003737,3
http://ACM_CSS_SKOS#10003743,3
http://ACM_CSS_SKOS#10003744,3
http://ACM_CSS_SKOS#10003745,3
http://ACM_CSS_SKOS#10003748,3
http://ACM_CSS_SKOS#10003749,3
http://ACM_CSS_SKOS#10003750,3
http://ACM_CSS_SKOS#10003755,3
http://ACM_CSS_SKOS#10003756,3
http://ACM_CSS_SKOS#10003762,3
http://ACM_CSS_SKOS#10003763,3
http://ACM_CSS_SKOS#10003764,3
http://ACM_CSS_SKOS#10003768,3
http://ACM_CSS_SKOS#10003769,3
http://ACM_CSS_SKOS#10003774,3
http://ACM_CSS_SKOS#10003775,3
http://ACM_CSS_SKOS#10003784,3
http://ACM_CSS_SKOS#10003791,3
http://ACM_CSS_SKOS#10003797,3
http://ACM_CSS_SKOS#10003808,3
http://ACM_CSS_SKOS#10003810,3
http://ACM_CSS_SKOS#10003811,3
http://ACM_CSS_SKOS#10003812,3
http://ACM_CSS_SKOS#10003813,3
http://ACM_CSS_SKOS#10003814,3
http://ACM_CSS_SKOS#10003815,3
http://ACM_CSS_SKOS#10003817,3
http://ACM_CSS_SKOS#10003824,3
http://ACM_CSS_SKOS#10010032,3
http://ACM_CSS_SKOS#10010033,3
http://ACM_CSS_SKOS#10010034,3
http://ACM_CSS_SKOS#10010035,3
http://ACM_CSS_SKOS#10010036,3
http://ACM_CSS_SKOS#10010037,3
http://ACM_CSS_SKOS#10010038,3
http://ACM_CSS_SKOS#10010048,3
http://ACM_CSS_SKOS#10010049,3
http://ACM_CSS_SKOS#10010050,3
http://ACM_CSS_SKOS#10010051,3
http://ACM_CSS_SKOS#10010053,3
http://ACM_CSS_SKOS#10010054,3
http://ACM_CSS_SKOS#10010056,3
http://ACM_CSS_SKOS#10010057,3
http://ACM_CSS_SKOS#10010058,3
http://ACM_CSS_SKOS#10010059,3
http://ACM_CSS_SKOS#10010060,3
http://ACM_CSS_SKOS#10010072,3
http://ACM_CSS_SKOS#10010073,3
http://ACM_CSS_SKOS#10010074,3
http://ACM_CSS_SKOS#10010075,3
http://ACM_CSS_SKOS#10010076,3
http://ACM_CSS_SKOS#10010077,3
http://ACM_CSS_SKOS#10010078,3
http://ACM_CSS_SKOS#10010079,3
http://ACM_CSS_SKOS#10010083,3
http://ACM_CSS_SKOS#10010084,3
http://ACM_CSS_SKOS#10010085,3
http://ACM_CSS_SKOS#10010086,3
http://ACM_CSS_SKOS#10010088,3
http://ACM_CSS_SKOS#10010089,3
http://ACM_CSS_SKOS#10010090,3
http://ACM_CSS_SKOS#10010091,3
http://ACM_CSS_SKOS#10010092,3
http://ACM_CSS_SKOS#10010094,3
http://ACM_CSS_SKOS#10010096,3
http://ACM_CSS_SKOS#10010097,3
http://ACM_CSS_SKOS#10010098,3
http://ACM_CSS_SKOS#10010100,3
http://ACM_CSS_SKOS#10010101,3
http://ACM_CSS_SKOS#10010102,3
http://ACM_CSS_SKOS#10010103,3
http://ACM_CSS_SKOS#10010104,3
http://ACM_CSS_SKOS#10010105,3
http://ACM_CSS_SKOS#10010106,3
http://ACM_CSS_SKOS#10010107,3
http://ACM_CSS_SKOS#10010108,3
http://ACM_CSS_SKOS#10010109,3
http://ACM_CSS_SKOS#10010110,3
http://ACM_CSS_SKOS#10010112,3
http://ACM_CSS_SKOS#10010113,3
http://ACM_CSS_SKOS#10010114,3
http://ACM_CSS_SKOS#10010117,3
http://ACM_CSS_SKOS#10010126,3
http://ACM_CSS_SKOS#10010127,3
http://ACM_CSS_SKOS#10010128,3
http://ACM_CSS_SKOS#10010129,3
http://ACM_CSS_SKOS#10010130,3
http://ACM_CSS_SKOS#10010132,3
http://ACM_CSS_SKOS#10010133,3
http://ACM_CSS_SKOS#10010134,3
http://ACM_CSS_SKOS#10010135,3
http://ACM_CSS_SKOS#10010136,3
http://ACM_CSS_SKOS#10010137,3
http://ACM_CSS_SKOS#10010139,3
http://ACM_CSS_SKOS#10010140,3
http://ACM_CSS_SKOS#10010141,3
http://ACM_CSS_SKOS#10010142,3
http://ACM_CSS_SKOS#10010143,3
http://ACM_CSS_SKOS#10010144,3
http://ACM_CSS_SKOS#10010145,3
http://ACM_CSS_SKOS#10010146,3
http://ACM_CSS_SKOS#10010150,3
http://ACM_CSS_SKOS#10010151,3
http://ACM_CSS_SKOS#10010152,3
http://ACM_CSS_SKOS#10010153,3
http://ACM_CSS_SKOS#10010154,3
http://ACM_CSS_SKOS#10010155,3
http://ACM_CSS_SKOS#10010156,3
http://ACM_CSS_SKOS#10010157,3
http://ACM_CSS_SKOS#10010158,3
http://ACM_CSS_SKOS#10010159,3
http://ACM_CSS_SKOS#10010160,3
http://ACM_CSS_SKOS#10010161,3
http://ACM_CSS_SKOS#10010163,3
http://ACM_CSS_SKOS#10010165,3
http://ACM_CSS_SKOS#10010166,3
http://ACM_CSS_SKOS#10010167,3
http://ACM_CSS_SKOS#10010168,3
http://ACM_CSS_SKOS#10010171,3
http://ACM_CSS_SKOS#10010173,3
http://ACM_CSS_SKOS#10010174,3
http://ACM_CSS_SKOS#10010180,3
http://ACM_CSS_SKOS#10010181,3
http://ACM_CSS_SKOS#10010182,3
http://ACM_CSS_SKOS#10010183,3
http://ACM_CSS_SKOS#10010184,3
http://ACM_CSS_SKOS#10010185,3
http://ACM_CSS_SKOS#10010186,3
http://ACM_CSS_SKOS#10010188,3
http://ACM_CSS_SKOS#10010189,3
http://ACM_CSS_SKOS#10010190,3
http://ACM_CSS_SKOS#10010191,3
http://ACM_CSS_SKOS#10010192,3
http://ACM_CSS_SKOS#10010193,3
http://ACM_CSS_SKOS#10010194,3
http://ACM_CSS_SKOS#10010195,3
http://ACM_CSS_SKOS#10010196,3
http://ACM_CSS_SKOS#10010197,3
http://ACM_CSS_SKOS#10010198,3
http://ACM_CSS_SKOS#10010200,3
http://ACM_CSS_SKOS#10010201,3
http://ACM_CSS_SKOS#10010202,3
http://ACM_CSS_SKOS#10010203,3
http://ACM_CSS_SKOS#10010204,3
http://ACM_CSS_SKOS#10010206,3
http://ACM_CSS_SKOS#10010207,3
http://ACM_CSS_SKOS#10010208,3
http://ACM_CSS_SKOS#10010209,3
http://ACM_CSS_SKOS#10010210,3
http://ACM_CSS_SKOS#10010211,3
http://ACM_CSS_SKOS#10010212,3
http://ACM_CSS_SKOS#10010214,3
http://ACM_CSS_SKOS#10010215,3
http://ACM_CSS_SKOS#10010217,3
http://ACM_CSS_SKOS#10010218,3
http://ACM_CSS_SKOS#10010220,3
http://ACM_CSS_SKOS#10010221,3
http://ACM_CSS_SKOS#10010222,3
http://ACM_CSS_SKOS#10010223,3
http://ACM_CSS_SKOS#10010225,3
http://ACM_CSS_SKOS#10010226,3
http://ACM_CSS_SKOS#10010236,3
http://ACM_CSS_SKOS#10010238,3
http://ACM_CSS_SKOS#10010240,3
http://ACM_CSS_SKOS#10010245,3
http://ACM_CSS_SKOS#10010259,3
http://ACM_CSS_SKOS#10010260,3
http://ACM_CSS_SKOS#10010261,3
http://ACM_CSS_SKOS#10010262,3
http://ACM_CSS_SKOS#10010283,3
http://ACM_CSS_SKOS#10010284,3
http://ACM_CSS_SKOS#10010286,3
http://ACM_CSS_SKOS#10010289,3
http://ACM_CSS_SKOS#10010290,3
http://ACM_CSS_SKOS#10010291,3
http://ACM_CSS_SKOS#10010292,3
http://ACM_CSS_SKOS#10010294,3
http://ACM_CSS_SKOS#10010297,3
http://ACM_CSS_SKOS#10010300,3
http://ACM_CSS_SKOS#10010307,3
http://ACM_CSS_SKOS#10010309,3
http://ACM_CSS_SKOS#10010314,3
http://ACM_CSS_SKOS#10010315,3
http://ACM_CSS_SKOS#10010316,3
http://ACM_CSS_SKOS#10010317,3
http://ACM_CSS_SKOS#10010318,3
http://ACM_CSS_SKOS#10010319,3
http://ACM_CSS_SKOS#10010327,3
http://ACM_CSS_SKOS#10010333,3
http://ACM_CSS_SKOS#10010335,3
http://ACM_CSS_SKOS#10010336,3
http://ACM_CSS_SKOS#10010337,3
http://ACM_CSS_SKOS#10010343,3
http://ACM_CSS_SKOS#10010344,3
http://ACM_CSS_SKOS#10010345,3
http://ACM_CSS_SKOS#10010347,3
http://ACM_CSS_SKOS#10010348,3
http://ACM_CSS_SKOS#10010350,3
http://ACM_CSS_SKOS#10010351,3
http://ACM_CSS_SKOS#10010353,3
http://ACM_CSS_SKOS#10010354,3
http://ACM_CSS_SKOS#10010355,3
http://ACM_CSS_SKOS#10010356,3
http://ACM_CSS_SKOS#10010357,3
http://ACM_CSS_SKOS#10010358,3
http://ACM_CSS_SKOS#10010359,3
http://ACM_CSS_SKOS#10010360,3
http://ACM_CSS_SKOS#10010361,3
http://ACM_CSS_SKOS#10010362,3
http://ACM_CSS_SKOS#10010363,3
http://ACM_CSS_SKOS#10010364,3
http://ACM_CSS_SKOS#10010365,3
http://ACM_CSS_SKOS#10010367,3
http://ACM_CSS_SKOS#10010368,3
http://ACM_CSS_SKOS#10010369,3
http://ACM_CSS_SKOS#10010373,3
http://ACM_CSS_SKOS#10010374,3
http://ACM_CSS_SKOS#10010375,3
http://ACM_CSS_SKOS#10010376,3
http://ACM_CSS_SKOS#10010377,3
http://ACM_CSS_SKOS#10010378,3
http://ACM_CSS_SKOS#10010379,3
http://ACM_CSS_SKOS#10010380,3
http://ACM_CSS_SKOS#10010381,3
http://ACM_CSS_SKOS#10010383,3
http://ACM_CSS_SKOS#10010384,3
http://ACM_CSS_SKOS#10010385,3
http://ACM_CSS_SKOS#10010386,3
http://ACM_CSS_SKOS#10010389,3
http://ACM_CSS_SKOS#10010391,3
http://ACM_CSS_SKOS#10010392,3
http://ACM_CSS_SKOS#10010393,3
http://ACM_CSS_SKOS#10010394,3
http://ACM_CSS_SKOS#10010397,3
http://ACM_CSS_SKOS#10010398,3
http://ACM_CSS_SKOS#10010399,3
http://ACM_CSS_SKOS#10010400,3
http://ACM_CSS_SKOS#10010401,3
http://ACM_CSS_SKOS#10010402,3
http://ACM_CSS_SKOS#10010403,3
http://ACM_CSS_SKOS#10010411,3
http://ACM_CSS_SKOS#10010413,3
http://ACM_CSS_SKOS#10010414,3
http://ACM_CSS_SKOS#10010415,3
http://ACM_CSS_SKOS#10010416,3
http://ACM_CSS_SKOS#10010418,3
http://ACM_CSS_SKOS#10010419,3
http://ACM_CSS_SKOS#10010420,3
http://ACM_CSS_SKOS#10010438,3
http://ACM_CSS_SKOS#10010440,3
http://ACM_CSS_SKOS#10010451,3
http://ACM_CSS_SKOS#10010454,3
http://ACM_CSS_SKOS#10010457,3
http://ACM_CSS_SKOS#10010486,3
http://ACM_CSS_SKOS#10010501,3
http://ACM_CSS_SKOS#10010502,3
http://ACM_CSS_SKOS#10010503,3
http://ACM_CSS_SKOS#10010505,3
http://ACM_CSS_SKOS#10010506,3
http://ACM_CSS_SKOS#10010507,3
http://ACM_CSS_SKOS#10010508,3
http://ACM_CSS_SKOS#10010509,3
http://ACM_CSS_SKOS#10010512,3
http://ACM_CSS_SKOS#10010513,3
http://ACM_CSS_SKOS#10010514,3
http://ACM_CSS_SKOS#10010515,3
http://ACM_CSS_SKOS#10010516,3
http://ACM_CSS_SKOS#10010517,3
http://ACM_CSS_SKOS#10010519,3
http://ACM_CSS_SKOS#10010523,3
http://ACM_CSS_SKOS#10010524,3
http://ACM_CSS_SKOS#10010525,3
http://ACM_CSS_SKOS#10010526,3
http://ACM_CSS_SKOS#10010527,3
http://ACM_CSS_SKOS#10010529,3
http://ACM_CSS_SKOS#10010530,3
http://ACM_CSS_SKOS#10010531,3
http://ACM_CSS_SKOS#10010532,3
http://ACM_CSS_SKOS#10010533,3
http://ACM_CSS_SKOS#10010534,3
http://ACM_CSS_SKOS#10010535,3
http://ACM_CSS_SKOS#10010536,3
http://ACM_CSS_SKOS#10010538,3
http://ACM_CSS_SKOS#10010539,3
http://ACM_CSS_SKOS#10010540,3
http://ACM_CSS_SKOS#10010541,3
http://ACM_CSS_SKOS#10010543,3
http://ACM_CSS_SKOS#10010544,3
http://ACM_CSS_SKOS#10010545,3
http://ACM_CSS_SKOS#10010546,3
http://ACM_CSS_SKOS#10010548,3
http://ACM_CSS_SKOS#10010549,3
http://ACM_CSS_SKOS#10010550,3
http://ACM_CSS_SKOS#10010551,3
http://ACM_CSS_SKOS#10010555,3
http://ACM_CSS_SKOS#10010556,3
http://ACM_CSS_SKOS#10010557,3
http://ACM_CSS_SKOS#10010558,3
http://ACM_CSS_SKOS#10010560,3
http://ACM_CSS_SKOS#10010561,3
http://ACM_CSS_SKOS#10010563,3
http://ACM_CSS_SKOS#10010564,3
http://ACM_CSS_SKOS#10010591,3
http://ACM_CSS_SKOS#10010597,3
http://ACM_CSS_SKOS#10010603,3
http://ACM_CSS_SKOS#10010604,3
http://ACM_CSS_SKOS#10010605,3
http://ACM_CSS_SKOS#10010606,3
http://ACM_CSS_SKOS#10010608,3
http://ACM_CSS_SKOS#10010609,3
http://ACM_CSS_SKOS#10010610,3
http://ACM_CSS_SKOS#10010611,3
http://ACM_CSS_SKOS#10010613,3
http://ACM_CSS_SKOS#10010614,3
http://ACM_CSS_SKOS#10010616,3
http://ACM_CSS_SKOS#10010617,3
http://ACM_CSS_SKOS#10010618,3
http://ACM_CSS_SKOS#10010619,3
http://ACM_CSS_SKOS#10010620,3
http://ACM_CSS_SKOS#10010621,3
http://ACM_CSS_SKOS#10010624,3
http://ACM_CSS_SKOS#10010625,3
http://ACM_CSS_SKOS#10010626,3
http://ACM_CSS_SKOS#10010629,3
http://ACM_CSS_SKOS#10010630,3
http://ACM_CSS_SKOS#10010631,3
http://ACM_CSS_SKOS#10010632,3
http://ACM_CSS_SKOS#10010635,3
http://ACM_CSS_SKOS#10010636,3
http://ACM_CSS_SKOS#10010637,3
http://ACM_CSS_SKOS#10010638,3
http://ACM_CSS_SKOS#10010639,3
http://ACM_CSS_SKOS#10010641,3
http://ACM_CSS_SKOS#10010642,3
http://ACM_CSS_SKOS#10010643,3
http://ACM_CSS_SKOS#10010646,3
http://ACM_CSS_SKOS#10010648,3
http://ACM_CSS_SKOS#10010657,3
http://ACM_CSS_SKOS#10010658,3
http://ACM_CSS_SKOS#10010660,3
http://ACM_CSS_SKOS#10010661,3
http://ACM_CSS_SKOS#10010664,3
http://ACM_CSS_SKOS#10010665,3
http://ACM_CSS_SKOS#10010666,3
http://ACM_CSS_SKOS#10010667,3
http://ACM_CSS_SKOS#10010669,3
http://ACM_CSS_SKOS#10010670,3
http://ACM_CSS_SKOS#10010671,3
http://ACM_CSS_SKOS#10010672,3
http://ACM_CSS_SKOS#10010678,3
http://ACM_CSS_SKOS#10010679,3
http://ACM_CSS_SKOS#10010680,3
http://ACM_CSS_SKOS#10010681,3
http://ACM_CSS_SKOS#10010685,3
http://ACM_CSS_SKOS#10010686,3
http://ACM_CSS_SKOS#10010687,3
http://ACM_CSS_SKOS#10010691,3
http://ACM_CSS_SKOS#10010692,3
http://ACM_CSS_SKOS#10010693,3
http://ACM_CSS_SKOS#10010694,3
http://ACM_CSS_SKOS#10010695,3
http://ACM_CSS_SKOS#10010698,3
http://ACM_CSS_SKOS#10010699,3
http://ACM_CSS_SKOS#10010700,3
http://ACM_CSS_SKOS#10010701,3
http://ACM_CSS_SKOS#10010702,3
http://ACM_CSS_SKOS#10010703,3
http://ACM_CSS_SKOS#10010704,3
http://ACM_CSS_SKOS#10010706,3
http://ACM_CSS_SKOS#10010707,3
http://ACM_CSS_SKOS#10010708,3
http://ACM_CSS_SKOS#10010709,3
http://ACM_CSS_SKOS#10010710,3
http://ACM_CSS_SKOS#10010711,3
http://ACM_CSS_SKOS#10010713,3
http://ACM_CSS_SKOS#10010714,3
http://ACM_CSS_SKOS#10010715,3
http://ACM_CSS_SKOS#10010722,3
http://ACM_CSS_SKOS#10010723,3
http://ACM_CSS_SKOS#10010724,3
http://ACM_CSS_SKOS#10010725,3
http://ACM_CSS_SKOS#10010726,3
http://ACM_CSS_SKOS#10010727,3
http://ACM_CSS_SKOS#10010729,3
http://ACM_CSS_SKOS#10010730,3
http://ACM_CSS_SKOS#10010731,3
http://ACM_CSS_SKOS#10010732,3
http://ACM_CSS_SKOS#10010734,3
http://ACM_CSS_SKOS#10010735,3
http://ACM_CSS_SKOS#10010736,3
http://ACM_CSS_SKOS#10010741,3
http://ACM_CSS_SKOS#10010742,3
http://ACM_CSS_SKOS#10010743,3
http://ACM_CSS_SKOS#10010752,3
http://ACM_CSS_SKOS#10010753,3
http://ACM_CSS_SKOS#10010754,3
http://ACM_CSS_SKOS#10010755,3
http://ACM_CSS_SKOS#10010756,3
http://ACM_CSS_SKOS#10010757,3
http://ACM_CSS_SKOS#10010759,3
http://ACM_CSS_SKOS#10010760,3
http://ACM_CSS_SKOS#10010761,3
http://ACM_CSS_SKOS#10010763,3
http://ACM_CSS_SKOS#10010764,3
http://ACM_CSS_SKOS#10010765,3
http://ACM_CSS_SKOS#10010766,3
http://ACM_CSS_SKOS#10010767,3
http://ACM_CSS_SKOS#10010768,3
http://ACM_CSS_SKOS#10010779,3
http://ACM_CSS_SKOS#10010788,3
http://ACM_CSS_SKOS#10010789,3
http://ACM_CSS_SKOS#10010790,3
http://ACM_CSS_SKOS#10010791,3
http://ACM_CSS_SKOS#10010794,3
http://ACM_CSS_SKOS#10010798,3
http://ACM_CSS_SKOS#10010800,3
http://ACM_CSS_SKOS#10010801,3
http://ACM_CSS_SKOS#10010802,3
http://ACM_CSS_SKOS#10010803,3
http://ACM_CSS_SKOS#10010804,3
http://ACM_CSS_SKOS#10010806,3
http://ACM_CSS_SKOS#10010807,3
http://ACM_CSS_SKOS#10010815,3
http://ACM_CSS_SKOS#10010816,3
http://ACM_CSS_SKOS#10010819,3
http://ACM_CSS_SKOS#10010820,3
http://ACM_CSS_SKOS#10010822,3
http://ACM_CSS_SKOS#10010824,3
http://ACM_CSS_SKOS#10010825,3
http://ACM_CSS_SKOS#10010826,3
http://ACM_CSS_SKOS#10010832,3
http://ACM_CSS_SKOS#10010840,3
http://ACM_CSS_SKOS#10010841,3
http://ACM_CSS_SKOS#10010842,3
http://ACM_CSS_SKOS#10010843,3
http://ACM_CSS_SKOS#10010849,3
http://ACM_CSS_SKOS#10010850,3
http://ACM_CSS_SKOS#10010851,3
http://ACM_CSS_SKOS#10010852,3
http://ACM_CSS_SKOS#10010854,3
http://ACM_CSS_SKOS#10010855,3
http://ACM_CSS_SKOS#10010856,3
http://ACM_CSS_SKOS#10010858,3
http://ACM_CSS_SKOS#10010859,3
http://ACM_CSS_SKOS#10010862,3
http://ACM_CSS_SKOS#10010865,3
http://ACM_CSS_SKOS#10010866,3
http://ACM_CSS_SKOS#10010868,3
http://ACM_CSS_SKOS#10010869,3
http://ACM_CSS_SKOS#10010870,3
http://ACM_CSS_SKOS#10010872,3
http://ACM_CSS_SKOS#10010873,3
http://ACM_CSS_SKOS#10010876,3
http://ACM_CSS_SKOS#10010877,3
http://ACM_CSS_SKOS#10010883,3
http://ACM_CSS_SKOS#10010885,3
http://ACM_CSS_SKOS#10010887,3
http://ACM_CSS_SKOS#10010889,3
http://ACM_CSS_SKOS#10010890,3
http://ACM_CSS_SKOS#10010891,3
http://ACM_CSS_SKOS#10010892,3
http://ACM_CSS_SKOS#10010893,3
http://ACM_CSS_SKOS#10010894,3
http://ACM_CSS_SKOS#10010895,3
http://ACM_CSS_SKOS#10010896,3
http://ACM_CSS_SKOS#10010897,3
http://ACM_CSS_SKOS#10010898,3
http://ACM_CSS_SKOS#10010899,3
http://ACM_CSS_SKOS#10010900,3
http://ACM_CSS_SKOS#10010901,3
http://ACM_CSS_SKOS#10010902,3
http://ACM_CSS_SKOS#10010903,3
http://ACM_CSS_SKOS#10010904,3
http://ACM_CSS_SKOS#10010905,3
http://ACM_CSS_SKOS#10010906,3
http://ACM_CSS_SKOS#10010910,3
http://ACM_CSS_SKOS#10010911,3
http://ACM_CSS_SKOS#10010913,3
http://ACM_CSS_SKOS#10010914,3
http://ACM_CSS_SKOS#10010917,3
http://ACM_CSS_SKOS#10010918,3
http://ACM_CSS_SKOS#10010920,3
http://ACM_CSS_SKOS#10010921,3
http://ACM_CSS_SKOS#10010922,3
http://ACM_CSS_SKOS#10010923,3
http://ACM_CSS_SKOS#10010925,3
http://ACM_CSS_SKOS#10010928,3
http://ACM_CSS_SKOS#10010929,3
http://ACM_CSS_SKOS#10010931,3
http://ACM_CSS_SKOS#10010932,3
http://ACM_CSS_SKOS#10010933,3
http://ACM_CSS_SKOS#10010934,3
http://ACM_CSS_SKOS#10010938,3
http://ACM_CSS_SKOS#10010942,3
http://ACM_CSS_SKOS#10010943,3
http://ACM_CSS_SKOS#10010949,3
http://ACM_CSS_SKOS#10010969,3
http://ACM_CSS_SKOS#10010972,3
http://ACM_CSS_SKOS#10010980,3
http://ACM_CSS_SKOS#10010989,3
http://ACM_CSS_SKOS#10010990,3
http://ACM_CSS_SKOS#10010991,3
http://ACM_CSS_SKOS#10010993,3
http://ACM_CSS_SKOS#10010998,3
http://ACM_CSS_SKOS#10011002,3
http://ACM_CSS_SKOS#10011004,3
http://ACM_CSS_SKOS#10011005,3
http://ACM_CSS_SKOS#10011009,3
http://ACM_CSS_SKOS#10011017,3
http://ACM_CSS_SKOS#10011018,3
http://ACM_CSS_SKOS#10011023,3
http://ACM_CSS_SKOS#10011024,3
http://ACM_CSS_SKOS#10011040,3
http://ACM_CSS_SKOS#10011042,3
http://ACM_CSS_SKOS#10011043,3
http://ACM_CSS_SKOS#10011044,3
http://ACM_CSS_SKOS#10011045,3
http://ACM_CSS_SKOS#10011046,3
http://ACM_CSS_SKOS#10011047,3
http://ACM_CSS_SKOS#10011048,3
http://ACM_CSS_SKOS#10011049,3
http://ACM_CSS_SKOS#10011051,3
http://ACM_CSS_SKOS#10011052,3
http://ACM_CSS_SKOS#10011053,3
http://ACM_CSS_SKOS#10011054,3
http://ACM_CSS_SKOS#10011055,3
http://ACM_CSS_SKOS#10011056,3
http://ACM_CSS_SKOS#10011057,3
http://ACM_CSS_SKOS#10011058,3
http://ACM_CSS_SKOS#10011059,3
http://ACM_CSS_SKOS#10011061,3
http://ACM_CSS_SKOS#10011062,3
http://ACM_CSS_SKOS#10011063,3
http://ACM_CSS_SKOS#10011064,3
http://ACM_CSS_SKOS#10011065,3
http://ACM_CSS_SKOS#10011067,3
http://ACM_CSS_SKOS#10011068,3
http://ACM_CSS_SKOS#10011069,3
http://ACM_CSS_SKOS#10011070,3
http://ACM_CSS_SKOS#10011076,3
http://ACM_CSS_SKOS#10011077,3
http://ACM_CSS_SKOS#10011078,3
http://ACM_CSS_SKOS#10011079,3
http://ACM_CSS_SKOS#10011082,3
http://ACM_CSS_SKOS#10011091,3
http://ACM_CSS_SKOS#10011093,3
http://ACM_CSS_SKOS#10011094,3
http://ACM_CSS_SKOS#10011096,3
http://ACM_CSS_SKOS#10011100,3
http://ACM_CSS_SKOS#10011102,3
http://ACM_CSS_SKOS#10011104,3
http://ACM_CSS_SKOS#10011105,3
http://ACM_CSS_SKOS#10011112,3
http://ACM_CSS_SKOS#10011113,3
http://ACM_CSS_SKOS#10011114,3
http://ACM_CSS_SKOS#10011119,3
http://ACM_CSS_SKOS#10011120,3
http://ACM_CSS_SKOS#10011121,3
http://ACM_CSS_SKOS#10011135,3
http://ACM_CSS_SKOS#10011136,3
http://ACM_CSS_SKOS#10011138,3
http://ACM_CSS_SKOS#10011141,3
http://ACM_CSS_SKOS#10011142,3
http://ACM_CSS_SKOS#10011147,3
http://ACM_CSS_SKOS#10011148,3
http://ACM_CSS_SKOS#10011149,3
http://ACM_CSS_SKOS#10011188,3
http://ACM_CSS_SKOS#10011189,3
http://ACM_CSS_SKOS#10011190,3
http://ACM_CSS_SKOS#10011191,3
http://ACM_CSS_SKOS#10011194,3
http://ACM_CSS_SKOS#10011218,3
http://ACM_CSS_SKOS#10011253,3
http://ACM_CSS_SKOS#10011255,3
http://ACM_CSS_SKOS#10011256,3
http://ACM_CSS_SKOS#10011257,3
http://ACM_CSS_SKOS#10011258,3
http://ACM_CSS_SKOS#10011259,3
http://ACM_CSS_SKOS#10011304,3
http://ACM_CSS_SKOS#10011305,3
http://ACM_CSS_SKOS#10011307,3
http://ACM_CSS_SKOS#10011310,3
http://ACM_CSS_SKOS#10011311,3
http://ACM_CSS_SKOS#10011325,3
http://ACM_CSS_SKOS#10011329,3
http://ACM_CSS_SKOS#10011345,3
http://ACM_CSS_SKOS#10011347,3
http://ACM_CSS_SKOS#10011556,3
http://ACM_CSS_SKOS#10011557,3
http://ACM_CSS_SKOS#10011559,3
http://ACM_CSS_SKOS#10011581,3
http://ACM_CSS_SKOS#10011598,3
http://ACM_CSS_SKOS#10011600,3
http://ACM_CSS_SKOS#10011602,3
http://ACM_CSS_SKOS#10011610,3
http://ACM_CSS_SKOS#10011611,3
http://ACM_CSS_SKOS#10011612,3
http://ACM_CSS_SKOS#10011617,3
http://ACM_CSS_SKOS#10011618,3
http://ACM_CSS_SKOS#10011619,3
http://ACM_CSS_SKOS#10011621,3
http://ACM_CSS_SKOS#10011633,3
http://ACM_CSS_SKOS#10011635,3
http://ACM_CSS_SKOS#10011642,3
http://ACM_CSS_SKOS#10011643,3
http://ACM_CSS_SKOS#10011657,3
http://ACM_CSS_SKOS#10011659,3
http://ACM_CSS_SKOS#10011660,3
http://ACM_CSS_SKOS#10011661,3
http://ACM_CSS_SKOS#10011662,3
http://ACM_CSS_SKOS#10011666,3
http://ACM_CSS_SKOS#10011668,3
http://ACM_CSS_SKOS#10011677,3
http://ACM_CSS_SKOS#10011679,3
http://ACM_CSS_SKOS#10011682,3
http://ACM_CSS_SKOS#10011685,3
http://ACM_CSS_SKOS#10011687,3
http://ACM_CSS_SKOS#10011688,3
http://ACM_CSS_SKOS#10011689,3
http://ACM_CSS_SKOS#10011690,3
http://ACM_CSS_SKOS#10011691,3
http://ACM_CSS_SKOS#10011692,3
http://ACM_CSS_SKOS#10011693,3
http://ACM_CSS_SKOS#10011694,3
http://ACM_CSS_SKOS#10011695,3
http://ACM_CSS_SKOS#10011696,3
http://ACM_CSS_SKOS#10011697,3
http://ACM_CSS_SKOS#10011698,3
http://ACM_CSS_SKOS#10011699,3
http://ACM_CSS_SKOS#10011700,3
http://ACM_CSS_SKOS#10011702,3
http://ACM_CSS_SKOS#10011707,3
http://ACM_CSS_SKOS#10011709,3
http://ACM_CSS_SKOS#10011710,3
http://ACM_CSS_SKOS#10011711,3
http://ACM_CSS_SKOS#10011712,3
http://ACM_CSS_SKOS#10011713,3
http://ACM_CSS_SKOS#10011714,3
http://ACM_CSS_SKOS#10011716,3
http://ACM_CSS_SKOS#10011717,3
http://ACM_CSS_SKOS#10011718,3
http://ACM_CSS_SKOS#10011719,3
http://ACM_CSS_SKOS#10011720,3
http://ACM_CSS_SKOS#10011721,3
http://ACM_CSS_SKOS#10011722,3
http://ACM_CSS_SKOS#10011723,3
http://ACM_CSS_SKOS#10011724,3
http://ACM_CSS_SKOS#10011726,3
http://ACM_CSS_SKOS#10011729,3
http://ACM_CSS_SKOS#10011730,3
http://ACM_CSS_SKOS#10011732,3
http://ACM_CSS_SKOS#10011733,3
http://ACM_CSS_SKOS#10011734,3
http://ACM_CSS_SKOS#10011735,3
http://ACM_CSS_SKOS#10011736,3
http://ACM_CSS_SKOS#10011745,3
http://ACM_CSS_SKOS#10011746,3
http://ACM_CSS_SKOS#10011749,3
http://ACM_CSS_SKOS#10011750,3
http://ACM_CSS_SKOS#10011751,3
http://ACM_CSS_SKOS#10011752,3
http://ACM_CSS_SKOS#10011753,3
http://ACM_CSS_SKOS#10011754,3
http://ACM_CSS_SKOS#10011755,3
http://ACM_CSS_SKOS#10011756,3
http://ACM_CSS_SKOS#10011757,3
http://ACM_CSS_SKOS#10011761,3
http://ACM_CSS_SKOS#10011763,3
http://ACM_CSS_SKOS#10011765,3
http://ACM_CSS_SKOS#10011766,3
http://ACM_CSS_SKOS#10011771,3
http://ACM_CSS_SKOS#10002956,4
http://ACM_CSS_SKOS#10002958,4
http://ACM_CSS_SKOS#10002974,4
http://ACM_CSS_SKOS#10002975,4
http://ACM_CSS_SKOS#10002976,4
http://ACM_CSS_SKOS#10003100,4
http://ACM_CSS_SKOS#10003109,4
http://ACM_CSS_SKOS#10003174,4
http://ACM_CSS_SKOS#10003175,4
http://ACM_CSS_SKOS#10003189,4
http://ACM_CSS_SKOS#10003202,4
http://ACM_CSS_SKOS#10003208,4
http://ACM_CSS_SKOS#10003210,4
http://ACM_CSS_SKOS#10003262,4
http://ACM_CSS_SKOS#10003264,4
http://ACM_CSS_SKOS#10003265,4
http://ACM_CSS_SKOS#10003266,4
http://ACM_CSS_SKOS#10003268,4
http://ACM_CSS_SKOS#10003287,4
http://ACM_CSS_SKOS#10003288,4
http://ACM_CSS_SKOS#10003289,4
http://ACM_CSS_SKOS#10003290,4
http://ACM_CSS_SKOS#10003291,4
http://ACM_CSS_SKOS#10003297,4
http://ACM_CSS_SKOS#10003298,4
http://ACM_CSS_SKOS#10003299,4
http://ACM_CSS_SKOS#10003310,4
http://ACM_CSS_SKOS#10003312,4
http://ACM_CSS_SKOS#10003313,4
http://ACM_CSS_SKOS#10003314,4
http://ACM_CSS_SKOS#10003316,4
http://ACM_CSS_SKOS#10003343,4
http://ACM_CSS_SKOS#10003382,4
http://ACM_CSS_SKOS#10003383,4
http://ACM_CSS_SKOS#10003384,4
http://ACM_CSS_SKOS#10003385,4
http://ACM_CSS_SKOS#10003387,4
http://ACM_CSS_SKOS#10003388,4
http://ACM_CSS_SKOS#10003389,4
http://ACM_CSS_SKOS#10003390,4
http://ACM_CSS_SKOS#10003393,4
http://ACM_CSS_SKOS#10003394,4
http://ACM_CSS_SKOS#10003398,4
http://ACM_CSS_SKOS#10003411,4
http://ACM_CSS_SKOS#10003412,4
http://ACM_CSS_SKOS#10003413,4
http://ACM_CSS_SKOS#10003414,4
http://ACM_CSS_SKOS#10003415,4
http://ACM_CSS_SKOS#10003416,4
http://ACM_CSS_SKOS#10003417,4
http://ACM_CSS_SKOS#10003418,4
http://ACM_CSS_SKOS#10003419,4
http://ACM_CSS_SKOS#10003420,4
http://ACM_CSS_SKOS#10003421,4
http://ACM_CSS_SKOS#10003422,4
http://ACM_CSS_SKOS#10003423,4
http://ACM_CSS_SKOS#10003424,4
http://ACM_CSS_SKOS#10003425,4
http://ACM_CSS_SKOS#10003426,4
http://ACM_CSS_SKOS#10003427,4
http://ACM_CSS_SKOS#10003428,4
http://ACM_CSS_SKOS#10003429,4
http://ACM_CSS_SKOS#10003435,4
http://ACM_CSS_SKOS#10003436,4
http://ACM_CSS_SKOS#10003437,4
http://ACM_CSS_SKOS#10003438,4
http://ACM_CSS_SKOS#10003439,4
http://ACM_CSS_SKOS#10003449,4
http://ACM_CSS_SKOS#10003452,4
http://ACM_CSS_SKOS#10003453,4
http://ACM_CSS_SKOS#10003479,4
http://ACM_CSS_SKOS#10003492,4
http://ACM_CSS_SKOS#10003493,4
http://ACM_CSS_SKOS#10003494,4
http://ACM_CSS_SKOS#10003495,4
http://ACM_CSS_SKOS#10003496,4
http://ACM_CSS_SKOS#10003497,4
http://ACM_CSS_SKOS#10003499,4
http://ACM_CSS_SKOS#10003500,4
http://ACM_CSS_SKOS#10003502,4
http://ACM_CSS_SKOS#10003505,4
http://ACM_CSS_SKOS#10003506,4
http://ACM_CSS_SKOS#10003508,4
http://ACM_CSS_SKOS#10003509,4
http://ACM_CSS_SKOS#10003510,4
http://ACM_CSS_SKOS#10003512,4
http://ACM_CSS_SKOS#10003532,4
http://ACM_CSS_SKOS#10003533,4
http://ACM_CSS_SKOS#10003534,4
http://ACM_CSS_SKOS#10003535,4
http://ACM_CSS_SKOS#10003536,4
http://ACM_CSS_SKOS#10003537,4
http://ACM_CSS_SKOS#10003551,4
http://ACM_CSS_SKOS#10003552,4
http://ACM_CSS_SKOS#10003553,4
http://ACM_CSS_SKOS#10003554,4
http://ACM_CSS_SKOS#10003555,4
http://ACM_CSS_SKOS#10003556,4
http://ACM_CSS_SKOS#10003557,4
http://ACM_CSS_SKOS#10003564,4
http://ACM_CSS_SKOS#10003565,4
http://ACM_CSS_SKOS#10003596,4
http://ACM_CSS_SKOS#10003609,4
http://ACM_CSS_SKOS#10003623,4
http://ACM_CSS_SKOS#10003658,4
http://ACM_CSS_SKOS#10003659,4
http://ACM_CSS_SKOS#10003661,4
http://ACM_CSS_SKOS#10003668,4
http://ACM_CSS_SKOS#10003678,4
http://ACM_CSS_SKOS#10003679,4
http://ACM_CSS_SKOS#10003680,4
http://ACM_CSS_SKOS#10003681,4
http://ACM_CSS_SKOS#10003685,4
http://ACM_CSS_SKOS#10003686,4
http://ACM_CSS_SKOS#10003692,4
http://ACM_CSS_SKOS#10003697,4
http://ACM_CSS_SKOS#10003747,4
http://ACM_CSS_SKOS#10003751,4
http://ACM_CSS_SKOS#10003791,4
http://ACM_CSS_SKOS#10003808,4
http://ACM_CSS_SKOS#10010040,4
http://ACM_CSS_SKOS#10010041,4
http://ACM_CSS_SKOS#10010042,4
http://ACM_CSS_SKOS#10010043,4
http://ACM_CSS_SKOS#10010044,4
http://ACM_CSS_SKOS#10010045,4
http://ACM_CSS_SKOS#10010046,4
http://ACM_CSS_SKOS#10010076,4
http://ACM_CSS_SKOS#10010097,4
http://ACM_CSS_SKOS#10010120,4
http://ACM_CSS_SKOS#10010175,4
http://ACM_CSS_SKOS#10010177,4
http://ACM_CSS_SKOS#10010227,4
http://ACM_CSS_SKOS#10010228,4
http://ACM_CSS_SKOS#10010229,4
http://ACM_CSS_SKOS#10010230,4
http://ACM_CSS_SKOS#10010231,4
http://ACM_CSS_SKOS#10010232,4
http://ACM_CSS_SKOS#10010233,4
http://ACM_CSS_SKOS#10010234,4
http://ACM_CSS_SKOS#10010235,4
http://ACM_CSS_SKOS#10010236,4
http://ACM_CSS_SKOS#10010237,4
http://ACM_CSS_SKOS#10010238,4
http://ACM_CSS_SKOS#10010239,4
http://ACM_CSS_SKOS#10010241,4
http://ACM_CSS_SKOS#10010242,4
http://ACM_CSS_SKOS#10010243,4
http://ACM_CSS_SKOS#10010244,4
http://ACM_CSS_SKOS#10010246,4
http://ACM_CSS_SKOS#10010247,4
http://ACM_CSS_SKOS#10010248,4
http://ACM_CSS_SKOS#10010249,4
http://ACM_CSS_SKOS#10010250,4
http://ACM_CSS_SKOS#10010251,4
http://ACM_CSS_SKOS#10010252,4
http://ACM_CSS_SKOS#10010253,4
http://ACM_CSS_SKOS#10010254,4
http://ACM_CSS_SKOS#10010255,4
http://ACM_CSS_SKOS#10010256,4
http://ACM_CSS_SKOS#10010263,4
http://ACM_CSS_SKOS#10010264,4
http://ACM_CSS_SKOS#10010265,4
http://ACM_CSS_SKOS#10010266,4
http://ACM_CSS_SKOS#10010267,4
http://ACM_CSS_SKOS#10010268,4
http://ACM_CSS_SKOS#10010269,4
http://ACM_CSS_SKOS#10010270,4
http://ACM_CSS_SKOS#10010271,4
http://ACM_CSS_SKOS#10010272,4
http://ACM_CSS_SKOS#10010273,4
http://ACM_CSS_SKOS#10010274,4
http://ACM_CSS_SKOS#10010275,4
http://ACM_CSS_SKOS#10010276,4
http://ACM_CSS_SKOS#10010277,4
http://ACM_CSS_SKOS#10010278,4
http://ACM_CSS_SKOS#10010279,4
http://ACM_CSS_SKOS#10010295,4
http://ACM_CSS_SKOS#10010296,4
http://ACM_CSS_SKOS#10010298,4
http://ACM_CSS_SKOS#10010299,4
http://ACM_CSS_SKOS#10010301,4
http://ACM_CSS_SKOS#10010302,4
http://ACM_CSS_SKOS#10010303,4
http://ACM_CSS_SKOS#10010304,4
http://ACM_CSS_SKOS#10010305,4
http://ACM_CSS_SKOS#10010306,4
http://ACM_CSS_SKOS#10010308,4
http://ACM_CSS_SKOS#10010310,4
http://ACM_CSS_SKOS#10010311,4
http://ACM_CSS_SKOS#10010312,4
http://ACM_CSS_SKOS#10010313,4
http://ACM_CSS_SKOS#10010320,4
http://ACM_CSS_SKOS#10010328,4
http://ACM_CSS_SKOS#10010329,4
http://ACM_CSS_SKOS#10010330,4
http://ACM_CSS_SKOS#10010331,4
http://ACM_CSS_SKOS#10010332,4
http://ACM_CSS_SKOS#10010334,4
http://ACM_CSS_SKOS#10010518,4
http://ACM_CSS_SKOS#10010538,4
http://ACM_CSS_SKOS#10010539,4
http://ACM_CSS_SKOS#10010540,4
http://ACM_CSS_SKOS#10010541,4
http://ACM_CSS_SKOS#10010545,4
http://ACM_CSS_SKOS#10010818,4
http://ACM_CSS_SKOS#10010821,4
http://ACM_CSS_SKOS#10010823,4
http://ACM_CSS_SKOS#10010827,4
http://ACM_CSS_SKOS#10010828,4
http://ACM_CSS_SKOS#10010829,4
http://ACM_CSS_SKOS#10010830,4
http://ACM_CSS_SKOS#10010831,4
http://ACM_CSS_SKOS#10010833,4
http://ACM_CSS_SKOS#10010834,4
http://ACM_CSS_SKOS#10010835,4
http://ACM_CSS_SKOS#10010836,4
http://ACM_CSS_SKOS#10010837,4
http://ACM_CSS_SKOS#10010838,4
http://ACM_CSS_SKOS#10010846,4
http://ACM_CSS_SKOS#10010847,4
http://ACM_CSS_SKOS#10010848,4
http://ACM_CSS_SKOS#10010853,4
http://ACM_CSS_SKOS#10010878,4
http://ACM_CSS_SKOS#10010915,4
http://ACM_CSS_SKOS#10010943,4
http://ACM_CSS_SKOS#10010944,4
http://ACM_CSS_SKOS#10010948,4
http://ACM_CSS_SKOS#10010950,4
http://ACM_CSS_SKOS#10010957,4
http://ACM_CSS_SKOS#10010961,4
http://ACM_CSS_SKOS#10010965,4
http://ACM_CSS_SKOS#10010970,4
http://ACM_CSS_SKOS#10010973,4
http://ACM_CSS_SKOS#10010974,4
http://ACM_CSS_SKOS#10010975,4
http://ACM_CSS_SKOS#10010976,4
http://ACM_CSS_SKOS#10010978,4
http://ACM_CSS_SKOS#10010979,4
http://ACM_CSS_SKOS#10010981,4
http://ACM_CSS_SKOS#10010982,4
http://ACM_CSS_SKOS#10010983,4
http://ACM_CSS_SKOS#10010984,4
http://ACM_CSS_SKOS#10010985,4
http://ACM_CSS_SKOS#10010986,4
http://ACM_CSS_SKOS#10010994,4
http://ACM_CSS_SKOS#10010995,4
http://ACM_CSS_SKOS#10010996,4
http://ACM_CSS_SKOS#10010997,4
http://ACM_CSS_SKOS#10010999,4
http://ACM_CSS_SKOS#10011000,4
http://ACM_CSS_SKOS#10011001,4
http://ACM_CSS_SKOS#10011010,4
http://ACM_CSS_SKOS#10011011,4
http://ACM_CSS_SKOS#10011012,4
http://ACM_CSS_SKOS#10011014,4
http://ACM_CSS_SKOS#10011015,4
http://ACM_CSS_SKOS#10011016,4
http://ACM_CSS_SKOS#10011019,4
http://ACM_CSS_SKOS#10011020,4
http://ACM_CSS_SKOS#10011021,4
http://ACM_CSS_SKOS#10011022,4
http://ACM_CSS_SKOS#10011025,4
http://ACM_CSS_SKOS#10011026,4
http://ACM_CSS_SKOS#10011027,4
http://ACM_CSS_SKOS#10011028,4
http://ACM_CSS_SKOS#10011029,4
http://ACM_CSS_SKOS#10011031,4
http://ACM_CSS_SKOS#10011032,4
http://ACM_CSS_SKOS#10011033,4
http://ACM_CSS_SKOS#10011034,4
http://ACM_CSS_SKOS#10011035,4
http://ACM_CSS_SKOS#10011036,4
http://ACM_CSS_SKOS#10011037,4
http://ACM_CSS_SKOS#10011038,4
http://ACM_CSS_SKOS#10011080,4
http://ACM_CSS_SKOS#10011083,4
http://ACM_CSS_SKOS#10011084,4
http://ACM_CSS_SKOS#10011085,4
http://ACM_CSS_SKOS#10011086,4
http://ACM_CSS_SKOS#10011087,4
http://ACM_CSS_SKOS#10011088,4
http://ACM_CSS_SKOS#10011097,4
http://ACM_CSS_SKOS#10011101,4
http://ACM_CSS_SKOS#10011103,4
http://ACM_CSS_SKOS#10011106,4
http://ACM_CSS_SKOS#10011107,4
http://ACM_CSS_SKOS#10011108,4
http://ACM_CSS_SKOS#10011109,4
http://ACM_CSS_SKOS#10011110,4
http://ACM_CSS_SKOS#10011116,4
http://ACM_CSS_SKOS#10011117,4
http://ACM_CSS_SKOS#10011137,4
http://ACM_CSS_SKOS#10011139,4
http://ACM_CSS_SKOS#10011140,4
http://ACM_CSS_SKOS#10011143,4
http://ACM_CSS_SKOS#10011295,4
http://ACM_CSS_SKOS#10011340,4
http://ACM_CSS_SKOS#10011611,4
http://ACM_CSS_SKOS#10011612,4
http://ACM_CSS_SKOS#10011644,4
http://ACM_CSS_SKOS#10011645,4
http://ACM_CSS_SKOS#10011646,4
http://ACM_CSS_SKOS#10011647,4
http://ACM_CSS_SKOS#10011650,4
http://ACM_CSS_SKOS#10011651,4
http://ACM_CSS_SKOS#10011671,4
http://ACM_CSS_SKOS#10011680,4
http://ACM_CSS_SKOS#10011681,4
http://ACM_CSS_SKOS#10011683,4
http://ACM_CSS_SKOS#10011727,4
http://ACM_CSS_SKOS#10011728,4
http://ACM_CSS_SKOS#10011744,4
http://ACM_CSS_SKOS#10010688,5
http://ACM_CSS_SKOS#10010834,5
http://ACM_CSS_SKOS#10010945,5
http://ACM_CSS_SKOS#10010946,5
http://ACM_CSS_SKOS#10010947,5
http://ACM_CSS_SKOS#10010951,5
http://ACM_CSS_SKOS#10010952,5
http://ACM_CSS_SKOS#10010953,5
http://ACM_CSS_SKOS#10010954,5
http://ACM_CSS_SKOS#10010955,5
http://ACM_CSS_SKOS#10010956,5
http://ACM_CSS_SKOS#10010958,5
http://ACM_CSS_SKOS#10010959,5
http://ACM_CSS_SKOS#10010960,5
http://ACM_CSS_SKOS#10010962,5
http://ACM_CSS_SKOS#10010963,5
http://ACM_CSS_SKOS#10010964,5
http://ACM_CSS_SKOS#10010966,5
http://ACM_CSS_SKOS#10010967,5
http://ACM_CSS_SKOS#10010968,5
http://ACM_CSS_SKOS#10011595,5
http://ACM_CSS_SKOS#10011648,5
http://ACM_CSS_SKOS#10011649,5
http://ACM_CSS_SKOS#10011663,5
http://ACM_CSS_SKOS#10011678,5
